{
  "parent": "minecraft:item/generated",
  "textures": {
    "layer0": "minecraft:item/barrier"
  },
  "overrides": [
      {
      "predicate": {
        "custom_model_data": 10040
      },
      "model": "item/zinorge/head_u"
    },
    {
      "predicate": {
        "custom_model_data": 10041
      },
      "model": "item/zinorge/head_l"
    },
    {
      "predicate": {
        "custom_model_data": 10042
      },
      "model": "item/zinorge/neck_0"
    },
    {
      "predicate": {
        "custom_model_data": 10043
      },
      "model": "item/zinorge/neck_1"
    },
    {
      "predicate": {
        "custom_model_data": 10044
      },
      "model": "item/zinorge/neck_2"
    },
    {
      "predicate": {
        "custom_model_data": 10045
      },
      "model": "item/zinorge/body_0"
    },
    {
      "predicate": {
        "custom_model_data": 10046
      },
      "model": "item/zinorge/body_1"
    },
    {
      "predicate": {
        "custom_model_data": 10047
      },
      "model": "item/zinorge/leg_l_0"
    },
    {
      "predicate": {
        "custom_model_data": 10048
      },
      "model": "item/zinorge/leg_r_0"
    },
    {
      "predicate": {
        "custom_model_data": 10049
      },
      "model": "item/zinorge/leg_l_1"
    },
    {
      "predicate": {
        "custom_model_data": 10050
      },
      "model": "item/zinorge/leg_r_1"
    },
    {
      "predicate": {
        "custom_model_data": 10051
      },
      "model": "item/zinorge/leg_l_2"
    },
    {
      "predicate": {
        "custom_model_data": 10052
      },
      "model": "item/zinorge/leg_r_2"
    },
    {
      "predicate": {
        "custom_model_data": 10053
      },
      "model": "item/zinorge/arm_l_0"
    },
    {
      "predicate": {
        "custom_model_data": 10054
      },
      "model": "item/zinorge/arm_r_0"
    },
    {
      "predicate": {
        "custom_model_data": 10055
      },
      "model": "item/zinorge/arm_l_1"
    },
    {
      "predicate": {
        "custom_model_data": 10056
      },
      "model": "item/zinorge/arm_r_1"
    },
    {
      "predicate": {
        "custom_model_data": 10057
      },
      "model": "item/zinorge/arm_l_2"
    },
    {
      "predicate": {
        "custom_model_data": 10058
      },
      "model": "item/zinorge/arm_r_2"
    },
    {
      "predicate": {
        "custom_model_data": 10059
      },
      "model": "item/zinorge/tail_0"
    },
    {
      "predicate": {
        "custom_model_data": 10060
      },
      "model": "item/zinorge/tail_1"
    },
    {
      "predicate": {
        "custom_model_data": 10061
      },
      "model": "item/zinorge/tail_2"
    },
    {
      "predicate": {
        "custom_model_data": 10062
      },
      "model": "item/zinorge/head_u_t"
    },
    {
      "predicate": {
        "custom_model_data": 10063
      },
      "model": "item/zinorge/head_l_t"
    },
    {
      "predicate": {
        "custom_model_data": 10064
      },
      "model": "item/zinorge/neck_0_t"
    },
    {
      "predicate": {
        "custom_model_data": 10065
      },
      "model": "item/zinorge/neck_1_t"
    },
    {
      "predicate": {
        "custom_model_data": 10066
      },
      "model": "item/zinorge/neck_2_t"
    },
    {
      "predicate": {
        "custom_model_data": 10067
      },
      "model": "item/zinorge/body_0_t"
    },
    {
      "predicate": {
        "custom_model_data": 10068
      },
      "model": "item/zinorge/body_1_t"
    },
    {
      "predicate": {
        "custom_model_data": 10069
      },
      "model": "item/zinorge/leg_l_0"
    },
    {
      "predicate": {
        "custom_model_data": 10070
      },
      "model": "item/zinorge/leg_r_0"
    },
    {
      "predicate": {
        "custom_model_data": 10071
      },
      "model": "item/zinorge/leg_l_1"
    },
    {
      "predicate": {
        "custom_model_data": 10072
      },
      "model": "item/zinorge/leg_r_1"
    },
    {
      "predicate": {
        "custom_model_data": 10073
      },
      "model": "item/zinorge/leg_l_2_t"
    },
    {
      "predicate": {
        "custom_model_data": 10074
      },
      "model": "item/zinorge/leg_r_2_t"
    },
    {
      "predicate": {
        "custom_model_data": 10075
      },
      "model": "item/zinorge/arm_l_0"
    },
    {
      "predicate": {
        "custom_model_data": 10076
      },
      "model": "item/zinorge/arm_r_0"
    },
    {
      "predicate": {
        "custom_model_data": 10077
      },
      "model": "item/zinorge/arm_l_1_t"
    },
    {
      "predicate": {
        "custom_model_data": 10078
      },
      "model": "item/zinorge/arm_r_1_t"
    },
    {
      "predicate": {
        "custom_model_data": 10079
      },
      "model": "item/zinorge/arm_l_2_t"
    },
    {
      "predicate": {
        "custom_model_data": 10080
      },
      "model": "item/zinorge/arm_r_2_t"
    },
    {
      "predicate": {
        "custom_model_data": 10081
      },
      "model": "item/zinorge/tail_0_t"
    },
    {
      "predicate": {
        "custom_model_data": 10082
      },
      "model": "item/zinorge/tail_1_t"
    },
    {
      "predicate": {
        "custom_model_data": 10083
      },
      "model": "item/zinorge/tail_2_t"
    }
  ]
}