{
	"credit": "Made with Blockbench",
	"texture_size": [32, 32],
	"textures": {
		"0": "zinogre/head",
		"particle": "zinogre/head"
	},
	"elements": [
		{
			"from": [7.22055, 11.4907, 8.8069],
			"to": [11.42055, 19.1407, 13.0069],
			"rotation": {"angle": 0, "axis": "z", "origin": [6.92898, 15.3907, 13.77788]},
			"faces": {
				"north": {"uv": [0.25, 0.75, 1.75, 2.75], "rotation": 180, "texture": "#0"},
				"east": {"uv": [0.25, 0.75, 1.75, 2.75], "texture": "#0"},
				"south": {"uv": [0.25, 0.75, 1.75, 2.75], "texture": "#0"},
				"west": {"uv": [0.25, 0.75, 1.75, 2.75], "texture": "#0"},
				"up": {"uv": [0.25, 0.75, 1.75, 2.75], "texture": "#0"},
				"down": {"uv": [0.25, 0.75, 1.75, 2.75], "texture": "#0"}
			}
		}
	],
	"display": {
		"head": {
			"translation": [-5.25, -47.5, -11.25],
			"scale": [4, 4, 4]
		}
	},
	"groups": [
		{
			"name": "root_normal",
			"origin": [8, 8, 8],
			"children": [
				{
					"name": "arm_l",
					"origin": [8, 8, 8],
					"children": [
						{
							"name": "0",
							"origin": [8, 8, 8],
							"children": [0]
						}
					]
				}
			]
		}
	]
}