{
	"credit": "Made with Blockbench",
	"texture_size": [32, 32],
	"textures": {
		"0": "zinogre/head",
		"particle": "zinogre/head"
	},
	"elements": [
		{
			"from": [6.99555, -0.5093, 7.3069],
			"to": [11.94555, 1.8907, 13.3819],
			"rotation": {"angle": 0, "axis": "y", "origin": [9.47055, 5.5657, 10.9069]},
			"faces": {
				"north": {"uv": [12, 1.5, 13.25, 3.5], "rotation": 90, "texture": "#0"},
				"east": {"uv": [12, 1.5, 13.25, 3.5], "rotation": 90, "texture": "#0"},
				"south": {"uv": [12, 1.5, 13.25, 3.5], "rotation": 90, "texture": "#0"},
				"west": {"uv": [12, 1.5, 13.25, 3.5], "rotation": 90, "texture": "#0"},
				"up": {"uv": [12, 1.5, 13.25, 3.5], "rotation": 90, "texture": "#0"},
				"down": {"uv": [12, 1.5, 13.25, 3.5], "rotation": 90, "texture": "#0"}
			}
		},
		{
			"from": [10.67055, 0.2407, 6.4069],
			"to": [12.32055, 1.8907, 8.7319],
			"rotation": {"angle": -45, "axis": "x", "origin": [11.49555, 1.0657, 7.5694]},
			"faces": {
				"north": {"uv": [12, 1.5, 13.25, 3.5], "rotation": 90, "texture": "#0"},
				"east": {"uv": [12, 1.5, 13.25, 3.5], "rotation": 90, "texture": "#0"},
				"south": {"uv": [12, 1.5, 13.25, 3.5], "rotation": 90, "texture": "#0"},
				"west": {"uv": [12, 1.5, 13.25, 3.5], "rotation": 90, "texture": "#0"},
				"up": {"uv": [12, 1.5, 13.25, 3.5], "rotation": 90, "texture": "#0"},
				"down": {"uv": [12, 1.5, 13.25, 3.5], "rotation": 90, "texture": "#0"}
			}
		},
		{
			"from": [10.52055, -0.6593, 5.0569],
			"to": [12.47055, 0.9907, 7.3819],
			"rotation": {"angle": 0, "axis": "y", "origin": [11.49555, 5.4157, 6.4069]},
			"faces": {
				"north": {"uv": [12, 1.5, 13.25, 3.5], "rotation": 90, "texture": "#0"},
				"east": {"uv": [12, 1.5, 13.25, 3.5], "rotation": 90, "texture": "#0"},
				"south": {"uv": [12, 1.5, 13.25, 3.5], "rotation": 90, "texture": "#0"},
				"west": {"uv": [12, 1.5, 13.25, 3.5], "rotation": 90, "texture": "#0"},
				"up": {"uv": [12, 1.5, 13.25, 3.5], "rotation": 90, "texture": "#0"},
				"down": {"uv": [12, 1.5, 13.25, 3.5], "rotation": 90, "texture": "#0"}
			}
		},
		{
			"from": [10.82055, -0.3593, 4.0069],
			"to": [12.17055, 0.8407, 6.3319],
			"rotation": {"angle": 0, "axis": "y", "origin": [11.49555, 0.0907, 5.1694]},
			"faces": {
				"north": {"uv": [4, 10, 7, 10.5], "rotation": 90, "texture": "#0"},
				"east": {"uv": [4, 10, 7, 10.5], "rotation": 90, "texture": "#0"},
				"south": {"uv": [4, 10, 7, 10.5], "rotation": 90, "texture": "#0"},
				"west": {"uv": [4, 10, 7, 10.5], "rotation": 90, "texture": "#0"},
				"up": {"uv": [4, 10, 7, 10.5], "rotation": 90, "texture": "#0"},
				"down": {"uv": [4, 10, 7, 10.5], "rotation": 90, "texture": "#0"}
			}
		},
		{
			"from": [10.97055, -0.2093, 3.7069],
			"to": [12.02055, 0.8407, 4.6819],
			"rotation": {"angle": -45, "axis": "x", "origin": [11.49555, 0.0907, 4.4194]},
			"faces": {
				"north": {"uv": [4, 10, 7, 10.5], "rotation": 90, "texture": "#0"},
				"east": {"uv": [4, 10, 7, 10.5], "rotation": 90, "texture": "#0"},
				"south": {"uv": [4, 10, 7, 10.5], "rotation": 90, "texture": "#0"},
				"west": {"uv": [4, 10, 7, 10.5], "rotation": 90, "texture": "#0"},
				"up": {"uv": [4, 10, 7, 10.5], "rotation": 90, "texture": "#0"},
				"down": {"uv": [4, 10, 7, 10.5], "rotation": 90, "texture": "#0"}
			}
		},
		{
			"from": [11.12055, -0.9218, 3.3694],
			"to": [11.87055, -0.0968, 4.2694],
			"rotation": {"angle": 22.5, "axis": "x", "origin": [11.49555, -0.2093, 4.1194]},
			"faces": {
				"north": {"uv": [4, 10, 7, 10.5], "texture": "#0"},
				"east": {"uv": [4, 10, 7, 10.5], "texture": "#0"},
				"south": {"uv": [4, 10, 7, 10.5], "texture": "#0"},
				"west": {"uv": [4, 10, 7, 10.5], "texture": "#0"},
				"up": {"uv": [4, 10, 7, 10.5], "texture": "#0"},
				"down": {"uv": [4, 10, 7, 10.5], "texture": "#0"}
			}
		},
		{
			"from": [8.64555, 0.2407, 6.4069],
			"to": [10.29555, 1.8907, 8.7319],
			"rotation": {"angle": -45, "axis": "x", "origin": [9.47055, 1.0657, 7.5694]},
			"faces": {
				"north": {"uv": [12, 1.5, 13.25, 3.5], "rotation": 90, "texture": "#0"},
				"east": {"uv": [12, 1.5, 13.25, 3.5], "rotation": 90, "texture": "#0"},
				"south": {"uv": [12, 1.5, 13.25, 3.5], "rotation": 90, "texture": "#0"},
				"west": {"uv": [12, 1.5, 13.25, 3.5], "rotation": 90, "texture": "#0"},
				"up": {"uv": [12, 1.5, 13.25, 3.5], "rotation": 90, "texture": "#0"},
				"down": {"uv": [12, 1.5, 13.25, 3.5], "rotation": 90, "texture": "#0"}
			}
		},
		{
			"from": [8.49555, -0.6593, 5.0569],
			"to": [10.44555, 0.9907, 7.3819],
			"rotation": {"angle": 0, "axis": "y", "origin": [9.47055, 5.4157, 6.4069]},
			"faces": {
				"north": {"uv": [12, 1.5, 13.25, 3.5], "rotation": 90, "texture": "#0"},
				"east": {"uv": [12, 1.5, 13.25, 3.5], "rotation": 90, "texture": "#0"},
				"south": {"uv": [12, 1.5, 13.25, 3.5], "rotation": 90, "texture": "#0"},
				"west": {"uv": [12, 1.5, 13.25, 3.5], "rotation": 90, "texture": "#0"},
				"up": {"uv": [12, 1.5, 13.25, 3.5], "rotation": 90, "texture": "#0"},
				"down": {"uv": [12, 1.5, 13.25, 3.5], "rotation": 90, "texture": "#0"}
			}
		},
		{
			"from": [8.79555, -0.3593, 4.0069],
			"to": [10.14555, 0.8407, 6.3319],
			"rotation": {"angle": 0, "axis": "y", "origin": [9.47055, 0.0907, 5.1694]},
			"faces": {
				"north": {"uv": [4, 10, 7, 10.5], "rotation": 90, "texture": "#0"},
				"east": {"uv": [4, 10, 7, 10.5], "rotation": 90, "texture": "#0"},
				"south": {"uv": [4, 10, 7, 10.5], "rotation": 90, "texture": "#0"},
				"west": {"uv": [4, 10, 7, 10.5], "rotation": 90, "texture": "#0"},
				"up": {"uv": [4, 10, 7, 10.5], "rotation": 90, "texture": "#0"},
				"down": {"uv": [4, 10, 7, 10.5], "rotation": 90, "texture": "#0"}
			}
		},
		{
			"from": [8.94555, -0.2093, 3.7069],
			"to": [9.99555, 0.8407, 4.6819],
			"rotation": {"angle": -45, "axis": "x", "origin": [9.47055, 0.0907, 4.4194]},
			"faces": {
				"north": {"uv": [4, 10, 7, 10.5], "rotation": 90, "texture": "#0"},
				"east": {"uv": [4, 10, 7, 10.5], "rotation": 90, "texture": "#0"},
				"south": {"uv": [4, 10, 7, 10.5], "rotation": 90, "texture": "#0"},
				"west": {"uv": [4, 10, 7, 10.5], "rotation": 90, "texture": "#0"},
				"up": {"uv": [4, 10, 7, 10.5], "rotation": 90, "texture": "#0"},
				"down": {"uv": [4, 10, 7, 10.5], "rotation": 90, "texture": "#0"}
			}
		},
		{
			"from": [9.09555, -0.9218, 3.3694],
			"to": [9.84555, -0.0968, 4.2694],
			"rotation": {"angle": 22.5, "axis": "x", "origin": [9.47055, -0.2093, 4.1194]},
			"faces": {
				"north": {"uv": [4, 10, 7, 10.5], "texture": "#0"},
				"east": {"uv": [4, 10, 7, 10.5], "texture": "#0"},
				"south": {"uv": [4, 10, 7, 10.5], "texture": "#0"},
				"west": {"uv": [4, 10, 7, 10.5], "texture": "#0"},
				"up": {"uv": [4, 10, 7, 10.5], "texture": "#0"},
				"down": {"uv": [4, 10, 7, 10.5], "texture": "#0"}
			}
		},
		{
			"from": [6.62055, 0.2407, 6.4069],
			"to": [8.27055, 1.8907, 8.7319],
			"rotation": {"angle": -45, "axis": "x", "origin": [7.44555, 1.0657, 7.5694]},
			"faces": {
				"north": {"uv": [12, 1.5, 13.25, 3.5], "rotation": 90, "texture": "#0"},
				"east": {"uv": [12, 1.5, 13.25, 3.5], "rotation": 90, "texture": "#0"},
				"south": {"uv": [12, 1.5, 13.25, 3.5], "rotation": 90, "texture": "#0"},
				"west": {"uv": [12, 1.5, 13.25, 3.5], "rotation": 90, "texture": "#0"},
				"up": {"uv": [12, 1.5, 13.25, 3.5], "rotation": 90, "texture": "#0"},
				"down": {"uv": [12, 1.5, 13.25, 3.5], "rotation": 90, "texture": "#0"}
			}
		},
		{
			"from": [6.47055, -0.6593, 5.0569],
			"to": [8.42055, 0.9907, 7.3819],
			"rotation": {"angle": 0, "axis": "y", "origin": [7.44555, 5.4157, 6.4069]},
			"faces": {
				"north": {"uv": [12, 1.5, 13.25, 3.5], "rotation": 90, "texture": "#0"},
				"east": {"uv": [12, 1.5, 13.25, 3.5], "rotation": 90, "texture": "#0"},
				"south": {"uv": [12, 1.5, 13.25, 3.5], "rotation": 90, "texture": "#0"},
				"west": {"uv": [12, 1.5, 13.25, 3.5], "rotation": 90, "texture": "#0"},
				"up": {"uv": [12, 1.5, 13.25, 3.5], "rotation": 90, "texture": "#0"},
				"down": {"uv": [12, 1.5, 13.25, 3.5], "rotation": 90, "texture": "#0"}
			}
		},
		{
			"from": [6.77055, -0.3593, 4.0069],
			"to": [8.12055, 0.8407, 6.3319],
			"rotation": {"angle": 0, "axis": "y", "origin": [7.44555, 0.0907, 5.1694]},
			"faces": {
				"north": {"uv": [4, 10, 7, 10.5], "rotation": 90, "texture": "#0"},
				"east": {"uv": [4, 10, 7, 10.5], "rotation": 90, "texture": "#0"},
				"south": {"uv": [4, 10, 7, 10.5], "rotation": 90, "texture": "#0"},
				"west": {"uv": [4, 10, 7, 10.5], "rotation": 90, "texture": "#0"},
				"up": {"uv": [4, 10, 7, 10.5], "rotation": 90, "texture": "#0"},
				"down": {"uv": [4, 10, 7, 10.5], "rotation": 90, "texture": "#0"}
			}
		},
		{
			"from": [6.92055, -0.2093, 3.7069],
			"to": [7.97055, 0.8407, 4.6819],
			"rotation": {"angle": -45, "axis": "x", "origin": [7.44555, 0.0907, 4.4194]},
			"faces": {
				"north": {"uv": [4, 10, 7, 10.5], "rotation": 90, "texture": "#0"},
				"east": {"uv": [4, 10, 7, 10.5], "rotation": 90, "texture": "#0"},
				"south": {"uv": [4, 10, 7, 10.5], "rotation": 90, "texture": "#0"},
				"west": {"uv": [4, 10, 7, 10.5], "rotation": 90, "texture": "#0"},
				"up": {"uv": [4, 10, 7, 10.5], "rotation": 90, "texture": "#0"},
				"down": {"uv": [4, 10, 7, 10.5], "rotation": 90, "texture": "#0"}
			}
		},
		{
			"from": [7.07055, -0.9218, 3.3694],
			"to": [7.82055, -0.0968, 4.2694],
			"rotation": {"angle": 22.5, "axis": "x", "origin": [7.44555, -0.2093, 4.1194]},
			"faces": {
				"north": {"uv": [4, 10, 7, 10.5], "texture": "#0"},
				"east": {"uv": [4, 10, 7, 10.5], "texture": "#0"},
				"south": {"uv": [4, 10, 7, 10.5], "texture": "#0"},
				"west": {"uv": [4, 10, 7, 10.5], "texture": "#0"},
				"up": {"uv": [4, 10, 7, 10.5], "texture": "#0"},
				"down": {"uv": [4, 10, 7, 10.5], "texture": "#0"}
			}
		},
		{
			"from": [6.00496, -0.66832, 7.4944],
			"to": [7.35496, 0.98168, 9.1444],
			"rotation": {"angle": 0, "axis": "y", "origin": [5.01675, 1.59081, 8.3194]},
			"faces": {
				"north": {"uv": [12, 1.5, 13.25, 3.5], "rotation": 270, "texture": "#0"},
				"east": {"uv": [12, 1.5, 13.25, 3.5], "rotation": 270, "texture": "#0"},
				"south": {"uv": [12, 1.5, 13.25, 3.5], "rotation": 270, "texture": "#0"},
				"west": {"uv": [12, 1.5, 13.25, 3.5], "rotation": 270, "texture": "#0"},
				"up": {"uv": [12, 1.5, 13.25, 3.5], "rotation": 270, "texture": "#0"},
				"down": {"uv": [12, 1.5, 13.25, 3.5], "rotation": 270, "texture": "#0"}
			}
		},
		{
			"from": [5.53305, 0.8407, 7.6444],
			"to": [7.25805, 2.3407, 8.9944],
			"rotation": {"angle": -45, "axis": "z", "origin": [5.01675, 1.59081, 8.3194]},
			"faces": {
				"north": {"uv": [12, 1.5, 13.25, 3.5], "rotation": 270, "texture": "#0"},
				"east": {"uv": [12, 1.5, 13.25, 3.5], "rotation": 270, "texture": "#0"},
				"south": {"uv": [12, 1.5, 13.25, 3.5], "rotation": 270, "texture": "#0"},
				"west": {"uv": [12, 1.5, 13.25, 3.5], "rotation": 270, "texture": "#0"},
				"up": {"uv": [12, 1.5, 13.25, 3.5], "rotation": 270, "texture": "#0"},
				"down": {"uv": [12, 1.5, 13.25, 3.5], "rotation": 270, "texture": "#0"}
			}
		},
		{
			"from": [3.50805, 1.1407, 8.0944],
			"to": [6.20805, 1.8907, 8.5444],
			"rotation": {"angle": -45, "axis": "z", "origin": [5.01675, 1.59081, 8.3194]},
			"faces": {
				"north": {"uv": [4, 10, 7, 10.5], "rotation": 270, "texture": "#0"},
				"east": {"uv": [4, 10, 7, 10.5], "rotation": 270, "texture": "#0"},
				"south": {"uv": [4, 10, 7, 10.5], "rotation": 270, "texture": "#0"},
				"west": {"uv": [4, 10, 7, 10.5], "rotation": 270, "texture": "#0"},
				"up": {"uv": [4, 10, 7, 10.5], "rotation": 270, "texture": "#0"},
				"down": {"uv": [4, 10, 7, 10.5], "rotation": 270, "texture": "#0"}
			}
		},
		{
			"from": [3.14494, 2.16283, 8.0194],
			"to": [4.34494, 2.91283, 8.6194],
			"rotation": {"angle": 0, "axis": "y", "origin": [5.01675, 1.59081, 8.3194]},
			"faces": {
				"north": {"uv": [4, 10, 7, 10.5], "rotation": 270, "texture": "#0"},
				"east": {"uv": [4, 10, 7, 10.5], "rotation": 270, "texture": "#0"},
				"south": {"uv": [4, 10, 7, 10.5], "rotation": 270, "texture": "#0"},
				"west": {"uv": [4, 10, 7, 10.5], "rotation": 270, "texture": "#0"},
				"up": {"uv": [4, 10, 7, 10.5], "rotation": 270, "texture": "#0"},
				"down": {"uv": [4, 10, 7, 10.5], "rotation": 270, "texture": "#0"}
			}
		},
		{
			"from": [4.04494, 2.46283, 8.1694],
			"to": [5.24494, 2.91283, 8.4694],
			"rotation": {"angle": 22.5, "axis": "z", "origin": [4.64494, 2.68783, 8.3194]},
			"faces": {
				"north": {"uv": [4, 10, 7, 10.5], "rotation": 270, "texture": "#0"},
				"east": {"uv": [4, 10, 7, 10.5], "rotation": 270, "texture": "#0"},
				"south": {"uv": [4, 10, 7, 10.5], "rotation": 270, "texture": "#0"},
				"west": {"uv": [4, 10, 7, 10.5], "rotation": 270, "texture": "#0"},
				"up": {"uv": [4, 10, 7, 10.5], "rotation": 270, "texture": "#0"},
				"down": {"uv": [4, 10, 7, 10.5], "rotation": 270, "texture": "#0"}
			}
		},
		{
			"from": [5.09494, 2.76283, 8.2444],
			"to": [5.61994, 3.06283, 8.3944],
			"rotation": {"angle": 0, "axis": "y", "origin": [5.16994, 2.91283, 8.3194]},
			"faces": {
				"north": {"uv": [4, 10, 7, 10.5], "rotation": 270, "texture": "#0"},
				"east": {"uv": [4, 10, 7, 10.5], "rotation": 270, "texture": "#0"},
				"south": {"uv": [4, 10, 7, 10.5], "rotation": 270, "texture": "#0"},
				"west": {"uv": [4, 10, 7, 10.5], "rotation": 270, "texture": "#0"},
				"up": {"uv": [4, 10, 7, 10.5], "rotation": 270, "texture": "#0"},
				"down": {"uv": [4, 10, 7, 10.5], "rotation": 270, "texture": "#0"}
			}
		},
		{
			"from": [2.89237, 2.91542, 8.0944],
			"to": [3.79237, 3.36542, 8.5444],
			"rotation": {"angle": 22.5, "axis": "z", "origin": [5.01675, 1.59081, 8.3194]},
			"faces": {
				"north": {"uv": [4, 10, 7, 10.5], "rotation": 270, "texture": "#0"},
				"east": {"uv": [4, 10, 7, 10.5], "rotation": 270, "texture": "#0"},
				"south": {"uv": [4, 10, 7, 10.5], "rotation": 270, "texture": "#0"},
				"west": {"uv": [4, 10, 7, 10.5], "rotation": 270, "texture": "#0"},
				"up": {"uv": [4, 10, 7, 10.5], "rotation": 270, "texture": "#0"},
				"down": {"uv": [4, 10, 7, 10.5], "rotation": 270, "texture": "#0"}
			}
		},
		{
			"from": [5.86974, -0.66625, 9.2434],
			"to": [7.05774, 0.78575, 10.6954],
			"rotation": {"angle": 0, "axis": "y", "origin": [5.00012, 1.32178, 9.9694]},
			"faces": {
				"north": {"uv": [12, 1.5, 13.25, 3.5], "rotation": 270, "texture": "#0"},
				"east": {"uv": [12, 1.5, 13.25, 3.5], "rotation": 270, "texture": "#0"},
				"south": {"uv": [12, 1.5, 13.25, 3.5], "rotation": 270, "texture": "#0"},
				"west": {"uv": [12, 1.5, 13.25, 3.5], "rotation": 270, "texture": "#0"},
				"up": {"uv": [12, 1.5, 13.25, 3.5], "rotation": 270, "texture": "#0"},
				"down": {"uv": [12, 1.5, 13.25, 3.5], "rotation": 270, "texture": "#0"}
			}
		},
		{
			"from": [5.45446, 0.66169, 9.3754],
			"to": [6.97246, 1.98169, 10.5634],
			"rotation": {"angle": -45, "axis": "z", "origin": [5.00012, 1.32178, 9.9694]},
			"faces": {
				"north": {"uv": [12, 1.5, 13.25, 3.5], "rotation": 270, "texture": "#0"},
				"east": {"uv": [12, 1.5, 13.25, 3.5], "rotation": 270, "texture": "#0"},
				"south": {"uv": [12, 1.5, 13.25, 3.5], "rotation": 270, "texture": "#0"},
				"west": {"uv": [12, 1.5, 13.25, 3.5], "rotation": 270, "texture": "#0"},
				"up": {"uv": [12, 1.5, 13.25, 3.5], "rotation": 270, "texture": "#0"},
				"down": {"uv": [12, 1.5, 13.25, 3.5], "rotation": 270, "texture": "#0"}
			}
		},
		{
			"from": [3.67246, 0.92569, 9.7714],
			"to": [6.04846, 1.58569, 10.1674],
			"rotation": {"angle": -45, "axis": "z", "origin": [5.00012, 1.32178, 9.9694]},
			"faces": {
				"north": {"uv": [4, 10, 7, 10.5], "rotation": 270, "texture": "#0"},
				"east": {"uv": [4, 10, 7, 10.5], "rotation": 270, "texture": "#0"},
				"south": {"uv": [4, 10, 7, 10.5], "rotation": 270, "texture": "#0"},
				"west": {"uv": [4, 10, 7, 10.5], "rotation": 270, "texture": "#0"},
				"up": {"uv": [4, 10, 7, 10.5], "rotation": 270, "texture": "#0"},
				"down": {"uv": [4, 10, 7, 10.5], "rotation": 270, "texture": "#0"}
			}
		},
		{
			"from": [3.35293, 1.82517, 9.7054],
			"to": [4.40893, 2.48517, 10.2334],
			"rotation": {"angle": 0, "axis": "y", "origin": [5.00012, 1.32178, 9.9694]},
			"faces": {
				"north": {"uv": [4, 10, 7, 10.5], "rotation": 270, "texture": "#0"},
				"east": {"uv": [4, 10, 7, 10.5], "rotation": 270, "texture": "#0"},
				"south": {"uv": [4, 10, 7, 10.5], "rotation": 270, "texture": "#0"},
				"west": {"uv": [4, 10, 7, 10.5], "rotation": 270, "texture": "#0"},
				"up": {"uv": [4, 10, 7, 10.5], "rotation": 270, "texture": "#0"},
				"down": {"uv": [4, 10, 7, 10.5], "rotation": 270, "texture": "#0"}
			}
		},
		{
			"from": [4.14493, 2.08917, 9.8374],
			"to": [5.20093, 2.48517, 10.1014],
			"rotation": {"angle": 22.5, "axis": "z", "origin": [4.67293, 2.28717, 9.9694]},
			"faces": {
				"north": {"uv": [4, 10, 7, 10.5], "rotation": 270, "texture": "#0"},
				"east": {"uv": [4, 10, 7, 10.5], "rotation": 270, "texture": "#0"},
				"south": {"uv": [4, 10, 7, 10.5], "rotation": 270, "texture": "#0"},
				"west": {"uv": [4, 10, 7, 10.5], "rotation": 270, "texture": "#0"},
				"up": {"uv": [4, 10, 7, 10.5], "rotation": 270, "texture": "#0"},
				"down": {"uv": [4, 10, 7, 10.5], "rotation": 270, "texture": "#0"}
			}
		},
		{
			"from": [5.06893, 2.35317, 9.9034],
			"to": [5.53093, 2.61717, 10.0354],
			"rotation": {"angle": 0, "axis": "y", "origin": [5.13493, 2.48517, 9.9694]},
			"faces": {
				"north": {"uv": [4, 10, 7, 10.5], "rotation": 270, "texture": "#0"},
				"east": {"uv": [4, 10, 7, 10.5], "rotation": 270, "texture": "#0"},
				"south": {"uv": [4, 10, 7, 10.5], "rotation": 270, "texture": "#0"},
				"west": {"uv": [4, 10, 7, 10.5], "rotation": 270, "texture": "#0"},
				"up": {"uv": [4, 10, 7, 10.5], "rotation": 270, "texture": "#0"},
				"down": {"uv": [4, 10, 7, 10.5], "rotation": 270, "texture": "#0"}
			}
		},
		{
			"from": [3.13067, 2.48744, 9.7714],
			"to": [3.92267, 2.88344, 10.1674],
			"rotation": {"angle": 22.5, "axis": "z", "origin": [5.00012, 1.32178, 9.9694]},
			"faces": {
				"north": {"uv": [4, 10, 7, 10.5], "rotation": 270, "texture": "#0"},
				"east": {"uv": [4, 10, 7, 10.5], "rotation": 270, "texture": "#0"},
				"south": {"uv": [4, 10, 7, 10.5], "rotation": 270, "texture": "#0"},
				"west": {"uv": [4, 10, 7, 10.5], "rotation": 270, "texture": "#0"},
				"up": {"uv": [4, 10, 7, 10.5], "rotation": 270, "texture": "#0"},
				"down": {"uv": [4, 10, 7, 10.5], "rotation": 270, "texture": "#0"}
			}
		}
	],
	"display": {
		"head": {
			"translation": [-5.75, 22.75, -14.75],
			"scale": [4, 4, 4]
		}
	},
	"groups": [
		{
			"name": "root_normal",
			"origin": [8, 8, 8],
			"children": [
				{
					"name": "arm_l",
					"origin": [8, 8, 8],
					"children": [
						{
							"name": "2",
							"origin": [8, 8, 8],
							"children": [0,
								{
									"name": "group",
									"origin": [1.44438, 3.81398, -4.60836],
									"children": [1, 2, 3, 4, 5]
								},
								{
									"name": "group",
									"origin": [1.44438, 3.81398, -4.60836],
									"children": [6, 7, 8, 9, 10]
								},
								{
									"name": "group",
									"origin": [1.44438, 3.81398, -4.60836],
									"children": [11, 12, 13, 14, 15]
								},
								{
									"name": "group",
									"origin": [1.44438, 3.81398, -4.60836],
									"children": [16, 17, 18, 19, 20, 21, 22]
								},
								{
									"name": "group",
									"origin": [1.44438, 3.81398, -4.60836],
									"children": [23, 24, 25, 26, 27, 28, 29]
								}
							]
						}
					]
				}
			]
		}
	]
}