{
	"credit": "Made with Blockbench",
	"texture_size": [32, 32],
	"textures": {
		"0": "zinogre/head",
		"1": "zinogre/thunder",
		"particle": "zinogre/head"
	},
	"elements": [
		{
			"from": [3.87511, 2.84345, -7.11217],
			"to": [12.12511, 9.29345, 4.51283],
			"rotation": {"angle": 0, "axis": "x", "origin": [7.99999, 8.92644, -3.79817]},
			"faces": {
				"north": {"uv": [0.25, 0.75, 1.75, 2.75], "texture": "#0"},
				"east": {"uv": [0.25, 0.75, 1.75, 2.75], "texture": "#0"},
				"south": {"uv": [0.25, 0.75, 1.75, 2.75], "texture": "#0"},
				"west": {"uv": [0.25, 0.75, 1.75, 2.75], "texture": "#0"},
				"up": {"uv": [0.25, 0.75, 1.75, 2.75], "texture": "#0"},
				"down": {"uv": [0.25, 0.75, 1.75, 2.75], "texture": "#0"}
			}
		},
		{
			"from": [4.25011, 9.29345, -2.46217],
			"to": [11.75011, 10.49345, 4.51283],
			"rotation": {"angle": 0, "axis": "x", "origin": [7.99999, 8.92644, -3.79817]},
			"faces": {
				"north": {"uv": [0.25, 0.75, 1.75, 2.75], "texture": "#0"},
				"east": {"uv": [0.25, 0.75, 1.75, 2.75], "texture": "#0"},
				"south": {"uv": [0.25, 0.75, 1.75, 2.75], "texture": "#0"},
				"west": {"uv": [0.25, 0.75, 1.75, 2.75], "texture": "#0"},
				"up": {"uv": [0.25, 0.75, 1.75, 2.75], "texture": "#0"},
				"down": {"uv": [0.25, 0.75, 1.75, 2.75], "texture": "#0"}
			}
		},
		{
			"from": [4.62511, 6.86248, -6.42515],
			"to": [11.37511, 11.28748, -2.67515],
			"rotation": {"angle": 45, "axis": "x", "origin": [7.99999, 8.92644, -3.79817]},
			"color": 0,
			"faces": {
				"north": {"uv": [0, 0, 2.25, 1.475], "rotation": 180, "texture": "#missing"},
				"east": {"uv": [0, 0, 1.475, 1.25], "rotation": 90, "texture": "#missing"},
				"south": {"uv": [0, 0, 2.25, 1.475], "texture": "#missing"},
				"west": {"uv": [0, 0, 1.475, 1.25], "rotation": 270, "texture": "#missing"},
				"up": {"uv": [0, 0, 2.25, 1.25], "texture": "#missing"},
				"down": {"uv": [0, 0, 2.25, 1.25], "rotation": 180, "texture": "#missing"}
			}
		},
		{
			"from": [4.77511, 7.79345, -4.03717],
			"to": [11.22511, 12.44345, 4.43783],
			"rotation": {"angle": 0, "axis": "x", "origin": [7.99999, 8.92644, -3.79817]},
			"color": 0,
			"faces": {
				"north": {"uv": [0, 0, 2.15, 1.55], "texture": "#missing"},
				"east": {"uv": [0, 0, 2.825, 1.55], "texture": "#missing"},
				"south": {"uv": [0, 0, 2.15, 1.55], "texture": "#missing"},
				"west": {"uv": [0, 0, 2.825, 1.55], "texture": "#missing"},
				"up": {"uv": [0, 0, 2.15, 2.825], "texture": "#missing"},
				"down": {"uv": [0, 0, 2.15, 2.825], "texture": "#missing"}
			}
		},
		{
			"from": [6.21811, 6.05438, -7.62501],
			"to": [7.40611, 11.67938, -6.40701],
			"rotation": {"angle": 45, "axis": "x", "origin": [7.99999, 8.92644, -3.79817]},
			"faces": {
				"north": {"uv": [14.5, 0, 15, 4.25], "rotation": 180, "texture": "#0"},
				"east": {"uv": [14, 0, 15, 4.25], "rotation": 180, "texture": "#0"},
				"south": {"uv": [14, 0, 14.5, 4.25], "texture": "#0"},
				"west": {"uv": [14, 0, 15, 4.25], "texture": "#0"},
				"up": {"uv": [14, 0.25, 14.5, 1], "texture": "#0"},
				"down": {"uv": [14, 0, 14.5, 1.25], "rotation": 180, "texture": "#0"}
			}
		},
		{
			"from": [6.21811, 12.25371, -4.53798],
			"to": [7.40611, 13.47171, 4.38702],
			"rotation": {"angle": 0, "axis": "x", "origin": [7.99999, 8.92644, -3.79817]},
			"faces": {
				"north": {"uv": [14, 0, 14.5, 1.25], "texture": "#0"},
				"east": {"uv": [14, 0, 15, 4.25], "rotation": 90, "texture": "#0"},
				"south": {"uv": [14, 0.25, 14.5, 1], "texture": "#0"},
				"west": {"uv": [14, 0, 15, 4.25], "rotation": 90, "texture": "#0"},
				"up": {"uv": [14.5, 0, 15, 4.25], "texture": "#0"},
				"down": {"uv": [14, 0, 14.5, 4.25], "texture": "#0"}
			}
		},
		{
			"from": [8.59411, 6.05438, -7.62501],
			"to": [9.78211, 11.67938, -6.40701],
			"rotation": {"angle": 45, "axis": "x", "origin": [7.99999, 8.92644, -3.79817]},
			"faces": {
				"north": {"uv": [14.5, 0, 15, 4.25], "rotation": 180, "texture": "#0"},
				"east": {"uv": [14, 0, 15, 4.25], "rotation": 180, "texture": "#0"},
				"south": {"uv": [14, 0, 14.5, 4.25], "texture": "#0"},
				"west": {"uv": [14, 0, 15, 4.25], "texture": "#0"},
				"up": {"uv": [14, 0.25, 14.5, 1], "texture": "#0"},
				"down": {"uv": [14, 0, 14.5, 1.25], "rotation": 180, "texture": "#0"}
			}
		},
		{
			"from": [8.59411, 12.25371, -4.53798],
			"to": [9.78211, 13.47171, 4.38702],
			"rotation": {"angle": 0, "axis": "x", "origin": [7.99999, 8.92644, -3.79817]},
			"faces": {
				"north": {"uv": [14, 0, 14.5, 1.25], "texture": "#0"},
				"east": {"uv": [14, 0, 15, 4.25], "rotation": 90, "texture": "#0"},
				"south": {"uv": [14, 0.25, 14.5, 1], "texture": "#0"},
				"west": {"uv": [14, 0, 15, 4.25], "rotation": 90, "texture": "#0"},
				"up": {"uv": [14.5, 0, 15, 4.25], "texture": "#0"},
				"down": {"uv": [14, 0, 14.5, 4.25], "texture": "#0"}
			}
		},
		{
			"from": [3.81811, 10.01008, -1.56582],
			"to": [5.30611, 11.30308, 4.24668],
			"rotation": {"angle": 0, "axis": "x", "origin": [7.99999, 8.92644, -3.79817]},
			"faces": {
				"north": {"uv": [14.5, 0, 15, 4], "rotation": 180, "texture": "#0"},
				"east": {"uv": [14, 0, 15, 4], "rotation": 270, "texture": "#0"},
				"south": {"uv": [14, 0, 15, 4], "rotation": 180, "texture": "#0"},
				"west": {"uv": [14, 0, 15, 4], "rotation": 90, "texture": "#0"},
				"up": {"uv": [14, 0, 14.5, 4.25], "rotation": 180, "texture": "#0"},
				"down": {"uv": [14, 0, 15, 4], "texture": "#0"}
			}
		},
		{
			"from": [10.69379, 10.01008, -1.56582],
			"to": [12.18179, 11.30308, 4.24668],
			"rotation": {"angle": 0, "axis": "x", "origin": [7.99999, 8.92644, -3.79817]},
			"faces": {
				"north": {"uv": [15, 0, 14.5, 4], "rotation": 180, "texture": "#0"},
				"east": {"uv": [15, 0, 14, 4], "rotation": 270, "texture": "#0"},
				"south": {"uv": [15, 0, 14, 4], "rotation": 180, "texture": "#0"},
				"west": {"uv": [15, 0, 14, 4], "rotation": 90, "texture": "#0"},
				"up": {"uv": [14.5, 0, 14, 4.25], "rotation": 180, "texture": "#0"},
				"down": {"uv": [15, 0, 14, 4], "texture": "#0"}
			}
		},
		{
			"from": [6.57511, 12.66706, -1.80873],
			"to": [7.10011, 14.05456, -1.05873],
			"rotation": {"angle": -22.5, "axis": "x", "origin": [7.99999, 8.92644, -3.79817]},
			"faces": {
				"north": {"uv": [14, 0, 14.5, 0.5], "rotation": 90, "texture": "#0"},
				"east": {"uv": [14, 0, 14.5, 0.5], "rotation": 90, "texture": "#0"},
				"south": {"uv": [14, 0, 14.5, 0.5], "rotation": 90, "texture": "#0"},
				"west": {"uv": [14, 0, 14.5, 0.5], "rotation": 90, "texture": "#0"},
				"up": {"uv": [14, 0, 14.5, 0.5], "rotation": 90, "texture": "#0"},
				"down": {"uv": [14, 0, 14.5, 0.5], "rotation": 90, "texture": "#0"}
			}
		},
		{
			"from": [8.89979, 12.66706, -1.80873],
			"to": [9.42479, 14.05456, -1.05873],
			"rotation": {"angle": -22.5, "axis": "x", "origin": [7.99999, 8.92644, -3.79817]},
			"faces": {
				"north": {"uv": [14, 0.5, 14.5, 0], "rotation": 90, "texture": "#0"},
				"east": {"uv": [14, 0.5, 14.5, 0], "rotation": 90, "texture": "#0"},
				"south": {"uv": [14, 0.5, 14.5, 0], "rotation": 90, "texture": "#0"},
				"west": {"uv": [14, 0.5, 14.5, 0], "rotation": 90, "texture": "#0"},
				"up": {"uv": [14, 0.5, 14.5, 0], "rotation": 90, "texture": "#0"},
				"down": {"uv": [14, 0.5, 14.5, 0], "rotation": 90, "texture": "#0"}
			}
		},
		{
			"from": [6.57511, 11.69291, 0.54309],
			"to": [7.10011, 13.08041, 1.29309],
			"rotation": {"angle": -22.5, "axis": "x", "origin": [7.99999, 8.92644, -3.79817]},
			"faces": {
				"north": {"uv": [14, 0, 14.5, 0.5], "rotation": 90, "texture": "#0"},
				"east": {"uv": [14, 0, 14.5, 0.5], "rotation": 90, "texture": "#0"},
				"south": {"uv": [14, 0, 14.5, 0.5], "rotation": 90, "texture": "#0"},
				"west": {"uv": [14, 0, 14.5, 0.5], "rotation": 90, "texture": "#0"},
				"up": {"uv": [14, 0, 14.5, 0.5], "rotation": 90, "texture": "#0"},
				"down": {"uv": [14, 0, 14.5, 0.5], "rotation": 90, "texture": "#0"}
			}
		},
		{
			"from": [8.89979, 11.69291, 0.54309],
			"to": [9.42479, 13.08041, 1.29309],
			"rotation": {"angle": -22.5, "axis": "x", "origin": [7.99999, 8.92644, -3.79817]},
			"faces": {
				"north": {"uv": [14, 0.5, 14.5, 0], "rotation": 90, "texture": "#0"},
				"east": {"uv": [14, 0.5, 14.5, 0], "rotation": 90, "texture": "#0"},
				"south": {"uv": [14, 0.5, 14.5, 0], "rotation": 90, "texture": "#0"},
				"west": {"uv": [14, 0.5, 14.5, 0], "rotation": 90, "texture": "#0"},
				"up": {"uv": [14, 0.5, 14.5, 0], "rotation": 90, "texture": "#0"},
				"down": {"uv": [14, 0.5, 14.5, 0], "rotation": 90, "texture": "#0"}
			}
		},
		{
			"from": [6.57511, 10.79993, 2.69891],
			"to": [7.10011, 12.18743, 3.44891],
			"rotation": {"angle": -22.5, "axis": "x", "origin": [7.99999, 8.92644, -3.79817]},
			"faces": {
				"north": {"uv": [14, 0, 14.5, 0.5], "rotation": 90, "texture": "#0"},
				"east": {"uv": [14, 0, 14.5, 0.5], "rotation": 90, "texture": "#0"},
				"south": {"uv": [14, 0, 14.5, 0.5], "rotation": 90, "texture": "#0"},
				"west": {"uv": [14, 0, 14.5, 0.5], "rotation": 90, "texture": "#0"},
				"up": {"uv": [14, 0, 14.5, 0.5], "rotation": 90, "texture": "#0"},
				"down": {"uv": [14, 0, 14.5, 0.5], "rotation": 90, "texture": "#0"}
			}
		},
		{
			"from": [8.89979, 10.79993, 2.69891],
			"to": [9.42479, 12.18743, 3.44891],
			"rotation": {"angle": -22.5, "axis": "x", "origin": [7.99999, 8.92644, -3.79817]},
			"faces": {
				"north": {"uv": [14, 0.5, 14.5, 0], "rotation": 90, "texture": "#0"},
				"east": {"uv": [14, 0.5, 14.5, 0], "rotation": 90, "texture": "#0"},
				"south": {"uv": [14, 0.5, 14.5, 0], "rotation": 90, "texture": "#0"},
				"west": {"uv": [14, 0.5, 14.5, 0], "rotation": 90, "texture": "#0"},
				"up": {"uv": [14, 0.5, 14.5, 0], "rotation": 90, "texture": "#0"},
				"down": {"uv": [14, 0.5, 14.5, 0], "rotation": 90, "texture": "#0"}
			}
		},
		{
			"from": [6.51779, 8.94205, -9.80369],
			"to": [7.10579, 9.95455, -7.61069],
			"rotation": {"angle": 22.5, "axis": "x", "origin": [7.99999, 8.92644, -3.79817]},
			"faces": {
				"north": {"uv": [13.25, 5.5, 12.25, 3.25], "rotation": 90, "texture": "#0"},
				"east": {"uv": [13.25, 5.5, 12.25, 3.25], "texture": "#0"},
				"south": {"uv": [13.25, 5.5, 12.25, 3.25], "rotation": 270, "texture": "#0"},
				"west": {"uv": [13.25, 5.5, 12.25, 3.25], "rotation": 180, "texture": "#0"},
				"up": {"uv": [13.25, 5.5, 12.25, 3.25], "rotation": 270, "texture": "#0"},
				"down": {"uv": [13.25, 5.5, 12.25, 3.25], "rotation": 90, "texture": "#0"}
			}
		},
		{
			"from": [6.66779, 8.94205, -10.96619],
			"to": [6.95579, 9.65455, -9.78569],
			"rotation": {"angle": 22.5, "axis": "x", "origin": [7.99999, 8.92644, -3.79817]},
			"faces": {
				"north": {"uv": [13.25, 5.5, 12.25, 3.25], "rotation": 90, "texture": "#0"},
				"east": {"uv": [13.25, 5.5, 12.25, 3.25], "texture": "#0"},
				"south": {"uv": [13.25, 5.5, 12.25, 3.25], "rotation": 270, "texture": "#0"},
				"west": {"uv": [13.25, 5.5, 12.25, 3.25], "rotation": 180, "texture": "#0"},
				"up": {"uv": [13.25, 5.5, 12.25, 3.25], "rotation": 270, "texture": "#0"},
				"down": {"uv": [13.25, 5.5, 12.25, 3.25], "rotation": 90, "texture": "#0"}
			}
		},
		{
			"from": [8.89411, 8.94205, -9.80369],
			"to": [9.48211, 9.95455, -7.61069],
			"rotation": {"angle": 22.5, "axis": "x", "origin": [7.99999, 8.92644, -3.79817]},
			"faces": {
				"north": {"uv": [13.25, 3.25, 12.25, 5.5], "rotation": 90, "texture": "#0"},
				"east": {"uv": [13.25, 3.25, 12.25, 5.5], "texture": "#0"},
				"south": {"uv": [13.25, 3.25, 12.25, 5.5], "rotation": 270, "texture": "#0"},
				"west": {"uv": [13.25, 3.25, 12.25, 5.5], "rotation": 180, "texture": "#0"},
				"up": {"uv": [13.25, 3.25, 12.25, 5.5], "rotation": 270, "texture": "#0"},
				"down": {"uv": [13.25, 3.25, 12.25, 5.5], "rotation": 90, "texture": "#0"}
			}
		},
		{
			"from": [9.04411, 8.94205, -10.96619],
			"to": [9.33211, 9.65455, -9.78569],
			"rotation": {"angle": 22.5, "axis": "x", "origin": [7.99999, 8.92644, -3.79817]},
			"faces": {
				"north": {"uv": [13.25, 3.25, 12.25, 5.5], "rotation": 90, "texture": "#0"},
				"east": {"uv": [13.25, 3.25, 12.25, 5.5], "texture": "#0"},
				"south": {"uv": [13.25, 3.25, 12.25, 5.5], "rotation": 270, "texture": "#0"},
				"west": {"uv": [13.25, 3.25, 12.25, 5.5], "rotation": 180, "texture": "#0"},
				"up": {"uv": [13.25, 3.25, 12.25, 5.5], "rotation": 270, "texture": "#0"},
				"down": {"uv": [13.25, 3.25, 12.25, 5.5], "rotation": 90, "texture": "#0"}
			}
		},
		{
			"from": [6.51779, 11.01093, -8.13494],
			"to": [7.10579, 12.02343, -5.94194],
			"rotation": {"angle": 22.5, "axis": "x", "origin": [7.99999, 8.92644, -3.79817]},
			"faces": {
				"north": {"uv": [13.25, 5.5, 12.25, 3.25], "rotation": 90, "texture": "#0"},
				"east": {"uv": [13.25, 5.5, 12.25, 3.25], "texture": "#0"},
				"south": {"uv": [13.25, 5.5, 12.25, 3.25], "rotation": 270, "texture": "#0"},
				"west": {"uv": [13.25, 5.5, 12.25, 3.25], "rotation": 180, "texture": "#0"},
				"up": {"uv": [13.25, 5.5, 12.25, 3.25], "rotation": 270, "texture": "#0"},
				"down": {"uv": [13.25, 5.5, 12.25, 3.25], "rotation": 90, "texture": "#0"}
			}
		},
		{
			"from": [6.66779, 11.01093, -9.29744],
			"to": [6.95579, 11.72343, -8.11694],
			"rotation": {"angle": 22.5, "axis": "x", "origin": [7.99999, 8.92644, -3.79817]},
			"faces": {
				"north": {"uv": [13.25, 5.5, 12.25, 3.25], "rotation": 90, "texture": "#0"},
				"east": {"uv": [13.25, 5.5, 12.25, 3.25], "texture": "#0"},
				"south": {"uv": [13.25, 5.5, 12.25, 3.25], "rotation": 270, "texture": "#0"},
				"west": {"uv": [13.25, 5.5, 12.25, 3.25], "rotation": 180, "texture": "#0"},
				"up": {"uv": [13.25, 5.5, 12.25, 3.25], "rotation": 270, "texture": "#0"},
				"down": {"uv": [13.25, 5.5, 12.25, 3.25], "rotation": 90, "texture": "#0"}
			}
		},
		{
			"from": [8.89411, 11.01093, -8.13494],
			"to": [9.48211, 12.02343, -5.94194],
			"rotation": {"angle": 22.5, "axis": "x", "origin": [7.99999, 8.92644, -3.79817]},
			"faces": {
				"north": {"uv": [13.25, 3.25, 12.25, 5.5], "rotation": 90, "texture": "#0"},
				"east": {"uv": [13.25, 3.25, 12.25, 5.5], "texture": "#0"},
				"south": {"uv": [13.25, 3.25, 12.25, 5.5], "rotation": 270, "texture": "#0"},
				"west": {"uv": [13.25, 3.25, 12.25, 5.5], "rotation": 180, "texture": "#0"},
				"up": {"uv": [13.25, 3.25, 12.25, 5.5], "rotation": 270, "texture": "#0"},
				"down": {"uv": [13.25, 3.25, 12.25, 5.5], "rotation": 90, "texture": "#0"}
			}
		},
		{
			"from": [9.04411, 11.01093, -9.29744],
			"to": [9.33211, 11.72343, -8.11694],
			"rotation": {"angle": 22.5, "axis": "x", "origin": [7.99999, 8.92644, -3.79817]},
			"faces": {
				"north": {"uv": [13.25, 3.25, 12.25, 5.5], "rotation": 90, "texture": "#0"},
				"east": {"uv": [13.25, 3.25, 12.25, 5.5], "texture": "#0"},
				"south": {"uv": [13.25, 3.25, 12.25, 5.5], "rotation": 270, "texture": "#0"},
				"west": {"uv": [13.25, 3.25, 12.25, 5.5], "rotation": 180, "texture": "#0"},
				"up": {"uv": [13.25, 3.25, 12.25, 5.5], "rotation": 270, "texture": "#0"},
				"down": {"uv": [13.25, 3.25, 12.25, 5.5], "rotation": 90, "texture": "#0"}
			}
		},
		{
			"from": [6.12511, 1.34345, -6.73717],
			"to": [9.87511, 3.29345, 4.13783],
			"rotation": {"angle": 0, "axis": "x", "origin": [7.99999, 8.92644, -3.79817]},
			"faces": {
				"north": {"uv": [11.75, 14, 15, 16], "texture": "#0"},
				"east": {"uv": [11.75, 14, 15, 16], "rotation": 180, "texture": "#0"},
				"south": {"uv": [11.75, 14, 15, 16], "texture": "#0"},
				"west": {"uv": [11.75, 14, 15, 16], "rotation": 180, "texture": "#0"},
				"up": {"uv": [11.75, 14, 15, 16], "rotation": 180, "texture": "#0"},
				"down": {"uv": [11.75, 14, 15, 16], "texture": "#0"}
			}
		},
		{
			"from": [7.02511, 0.44345, -5.98717],
			"to": [8.97511, 1.79345, -2.98717],
			"rotation": {"angle": 0, "axis": "x", "origin": [7.99999, 8.92644, -3.79817]},
			"faces": {
				"north": {"uv": [11.75, 14, 15, 16], "texture": "#0"},
				"east": {"uv": [11.75, 14, 15, 16], "rotation": 180, "texture": "#0"},
				"south": {"uv": [11.75, 14, 15, 16], "texture": "#0"},
				"west": {"uv": [11.75, 14, 15, 16], "rotation": 180, "texture": "#0"},
				"up": {"uv": [11.75, 14, 15, 16], "rotation": 180, "texture": "#0"},
				"down": {"uv": [11.75, 14, 15, 16], "texture": "#0"}
			}
		},
		{
			"from": [6.87511, 0.21845, -2.98717],
			"to": [9.12511, 1.79345, 0.01283],
			"rotation": {"angle": 0, "axis": "x", "origin": [7.99999, 8.92644, -3.79817]},
			"faces": {
				"north": {"uv": [11.75, 14, 15, 16], "texture": "#0"},
				"east": {"uv": [11.75, 14, 15, 16], "rotation": 180, "texture": "#0"},
				"south": {"uv": [11.75, 14, 15, 16], "texture": "#0"},
				"west": {"uv": [11.75, 14, 15, 16], "rotation": 180, "texture": "#0"},
				"up": {"uv": [11.75, 14, 15, 16], "rotation": 180, "texture": "#0"},
				"down": {"uv": [11.75, 14, 15, 16], "texture": "#0"}
			}
		},
		{
			"from": [7.02511, 0.59345, 0.01283],
			"to": [8.97511, 1.79345, 2.63783],
			"rotation": {"angle": 0, "axis": "x", "origin": [7.99999, 8.92644, -3.79817]},
			"faces": {
				"north": {"uv": [11.75, 14, 15, 16], "texture": "#0"},
				"east": {"uv": [11.75, 14, 15, 16], "rotation": 180, "texture": "#0"},
				"south": {"uv": [11.75, 14, 15, 16], "texture": "#0"},
				"west": {"uv": [11.75, 14, 15, 16], "rotation": 180, "texture": "#0"},
				"up": {"uv": [11.75, 14, 15, 16], "rotation": 180, "texture": "#0"},
				"down": {"uv": [11.75, 14, 15, 16], "texture": "#0"}
			}
		},
		{
			"from": [6.27511, 1.71845, -7.86217],
			"to": [9.72511, 4.04345, -5.98717],
			"rotation": {"angle": 0, "axis": "x", "origin": [7.99999, 8.92644, -3.79817]},
			"faces": {
				"north": {"uv": [11.75, 14, 15, 16], "texture": "#0"},
				"east": {"uv": [11.75, 14, 15, 16], "rotation": 180, "texture": "#0"},
				"south": {"uv": [11.75, 14, 15, 16], "texture": "#0"},
				"west": {"uv": [11.75, 14, 15, 16], "rotation": 180, "texture": "#0"},
				"up": {"uv": [11.75, 14, 15, 16], "rotation": 180, "texture": "#0"},
				"down": {"uv": [11.75, 14, 15, 16], "texture": "#0"}
			}
		},
		{
			"from": [2.67479, 4.85097, -5.50078],
			"to": [7.32479, 11.30097, 0.94922],
			"rotation": {"angle": 45, "axis": "x", "origin": [7.99999, 8.92644, -3.79817]},
			"faces": {
				"north": {"uv": [5.5, 16, 8.5, 14], "texture": "#0"},
				"east": {"uv": [5.5, 16, 7.5, 14], "rotation": 270, "texture": "#0"},
				"south": {"uv": [5.5, 16, 8.5, 14], "rotation": 180, "texture": "#0"},
				"west": {"uv": [5.5, 16, 7.5, 14], "rotation": 90, "texture": "#0"},
				"up": {"uv": [5.5, 16, 8.5, 14], "rotation": 180, "texture": "#0"},
				"down": {"uv": [5.5, 16, 8.5, 14], "rotation": 180, "texture": "#0"}
			}
		},
		{
			"from": [1.17479, 5.60097, -4.37578],
			"to": [5.82479, 10.55097, 0.57422],
			"rotation": {"angle": 45, "axis": "x", "origin": [7.99999, 8.92644, -3.79817]},
			"faces": {
				"north": {"uv": [0.25, 0.75, 1.75, 2.75], "rotation": 90, "texture": "#0"},
				"east": {"uv": [0.25, 0.75, 1.75, 2.75], "texture": "#0"},
				"south": {"uv": [0.25, 0.75, 1.75, 2.75], "rotation": 270, "texture": "#0"},
				"west": {"uv": [0.25, 0.75, 1.75, 2.75], "rotation": 180, "texture": "#0"},
				"up": {"uv": [0.25, 0.75, 1.75, 2.75], "rotation": 270, "texture": "#0"},
				"down": {"uv": [0.25, 0.75, 1.75, 2.75], "rotation": 90, "texture": "#0"}
			}
		},
		{
			"from": [3.51779, 3.85163, -5.48298],
			"to": [4.70579, 4.84463, -0.79548],
			"rotation": {"angle": 45, "axis": "x", "origin": [7.99999, 8.92644, -3.79817]},
			"faces": {
				"north": {"uv": [14.5, 0.5, 14, 0], "texture": "#0"},
				"east": {"uv": [14, 4.25, 15, 0], "rotation": 270, "texture": "#0"},
				"south": {"uv": [15, 0.5, 14, 0.25], "rotation": 180, "texture": "#0"},
				"west": {"uv": [15, 4.25, 14, 0], "rotation": 90, "texture": "#0"},
				"up": {"uv": [15, 4.25, 14.5, 0], "rotation": 180, "texture": "#0"},
				"down": {"uv": [14.5, 4.25, 14, 0], "texture": "#0"}
			}
		},
		{
			"from": [3.51779, 11.20163, -5.49726],
			"to": [4.70579, 12.19463, -3.05976],
			"rotation": {"angle": 45, "axis": "x", "origin": [7.99999, 8.92644, -3.79817]},
			"faces": {
				"north": {"uv": [15, 0.25, 14, 0.5], "texture": "#0"},
				"east": {"uv": [14, 0, 15, 2.25], "rotation": 270, "texture": "#0"},
				"south": {"uv": [14.5, 0, 14, 0.5], "rotation": 180, "texture": "#0"},
				"west": {"uv": [15, 0, 14, 2.25], "rotation": 90, "texture": "#0"},
				"up": {"uv": [15, 0, 14.5, 2.25], "rotation": 180, "texture": "#0"},
				"down": {"uv": [14.5, 0, 14, 2.25], "texture": "#0"}
			}
		},
		{
			"from": [3.51779, 4.83513, -6.46251],
			"to": [4.70579, 11.39763, -5.46951],
			"rotation": {"angle": 45, "axis": "x", "origin": [7.99999, 8.92644, -3.79817]},
			"faces": {
				"north": {"uv": [14.5, 4.25, 14, 0], "rotation": 180, "texture": "#0"},
				"east": {"uv": [14, 4.25, 15, 0], "rotation": 180, "texture": "#0"},
				"south": {"uv": [15, 4.25, 14.5, 0], "rotation": 180, "texture": "#0"},
				"west": {"uv": [15, 4.25, 14, 0], "rotation": 180, "texture": "#0"},
				"up": {"uv": [14, 0, 14.5, 0.5], "texture": "#0"},
				"down": {"uv": [14, 0.25, 15, 0.5], "texture": "#0"}
			}
		},
		{
			"from": [1.68029, 7.85438, -4.77501],
			"to": [2.04329, 8.26688, -4.15701],
			"rotation": {"angle": 45, "axis": "x", "origin": [7.99999, 8.92644, -3.79817]},
			"faces": {
				"north": {"uv": [10.25, 4, 11.25, 5.25], "rotation": 180, "texture": "#0"},
				"east": {"uv": [10.25, 4, 11.25, 5.25], "rotation": 90, "texture": "#0"},
				"south": {"uv": [10.25, 4, 11.25, 5.25], "texture": "#0"},
				"west": {"uv": [10.25, 4, 11.25, 5.25], "rotation": 270, "texture": "#0"},
				"up": {"uv": [10.25, 4, 11.25, 5.25], "texture": "#0"},
				"down": {"uv": [10.25, 4, 11.25, 5.25], "rotation": 180, "texture": "#0"}
			}
		},
		{
			"from": [1.68029, 9.20438, -4.77501],
			"to": [2.04329, 9.61688, -4.15701],
			"rotation": {"angle": 45, "axis": "x", "origin": [7.99999, 8.92644, -3.79817]},
			"faces": {
				"north": {"uv": [10.25, 4, 11.25, 5.25], "rotation": 180, "texture": "#0"},
				"east": {"uv": [10.25, 4, 11.25, 5.25], "rotation": 90, "texture": "#0"},
				"south": {"uv": [10.25, 4, 11.25, 5.25], "texture": "#0"},
				"west": {"uv": [10.25, 4, 11.25, 5.25], "rotation": 270, "texture": "#0"},
				"up": {"uv": [10.25, 4, 11.25, 5.25], "texture": "#0"},
				"down": {"uv": [10.25, 4, 11.25, 5.25], "rotation": 180, "texture": "#0"}
			}
		},
		{
			"from": [1.68029, 10.30163, -3.32226],
			"to": [2.04329, 10.91963, -2.90976],
			"rotation": {"angle": 45, "axis": "x", "origin": [7.99999, 8.92644, -3.79817]},
			"faces": {
				"north": {"uv": [10.25, 4, 11.25, 5.25], "rotation": 270, "texture": "#0"},
				"east": {"uv": [10.25, 4, 11.25, 5.25], "rotation": 180, "texture": "#0"},
				"south": {"uv": [10.25, 4, 11.25, 5.25], "rotation": 90, "texture": "#0"},
				"west": {"uv": [10.25, 4, 11.25, 5.25], "texture": "#0"},
				"up": {"uv": [10.25, 4, 11.25, 5.25], "rotation": 90, "texture": "#0"},
				"down": {"uv": [10.25, 4, 11.25, 5.25], "rotation": 270, "texture": "#0"}
			}
		},
		{
			"from": [1.68029, 5.20163, -3.32226],
			"to": [2.04329, 5.81963, -2.90976],
			"rotation": {"angle": 45, "axis": "x", "origin": [7.99999, 8.92644, -3.79817]},
			"faces": {
				"north": {"uv": [10.25, 4, 11.25, 5.25], "rotation": 270, "texture": "#0"},
				"east": {"uv": [10.25, 4, 11.25, 5.25], "rotation": 180, "texture": "#0"},
				"south": {"uv": [10.25, 4, 11.25, 5.25], "rotation": 90, "texture": "#0"},
				"west": {"uv": [10.25, 4, 11.25, 5.25], "texture": "#0"},
				"up": {"uv": [10.25, 4, 11.25, 5.25], "rotation": 90, "texture": "#0"},
				"down": {"uv": [10.25, 4, 11.25, 5.25], "rotation": 270, "texture": "#0"}
			}
		},
		{
			"from": [1.68029, 10.30163, -1.82226],
			"to": [2.04329, 10.91963, -1.40976],
			"rotation": {"angle": 45, "axis": "x", "origin": [7.99999, 8.92644, -3.79817]},
			"faces": {
				"north": {"uv": [10.25, 4, 11.25, 5.25], "rotation": 270, "texture": "#0"},
				"east": {"uv": [10.25, 4, 11.25, 5.25], "rotation": 180, "texture": "#0"},
				"south": {"uv": [10.25, 4, 11.25, 5.25], "rotation": 90, "texture": "#0"},
				"west": {"uv": [10.25, 4, 11.25, 5.25], "texture": "#0"},
				"up": {"uv": [10.25, 4, 11.25, 5.25], "rotation": 90, "texture": "#0"},
				"down": {"uv": [10.25, 4, 11.25, 5.25], "rotation": 270, "texture": "#0"}
			}
		},
		{
			"from": [1.68029, 5.20163, -1.82226],
			"to": [2.04329, 5.81963, -1.40976],
			"rotation": {"angle": 45, "axis": "x", "origin": [7.99999, 8.92644, -3.79817]},
			"faces": {
				"north": {"uv": [10.25, 4, 11.25, 5.25], "rotation": 270, "texture": "#0"},
				"east": {"uv": [10.25, 4, 11.25, 5.25], "rotation": 180, "texture": "#0"},
				"south": {"uv": [10.25, 4, 11.25, 5.25], "rotation": 90, "texture": "#0"},
				"west": {"uv": [10.25, 4, 11.25, 5.25], "texture": "#0"},
				"up": {"uv": [10.25, 4, 11.25, 5.25], "rotation": 90, "texture": "#0"},
				"down": {"uv": [10.25, 4, 11.25, 5.25], "rotation": 270, "texture": "#0"}
			}
		},
		{
			"from": [1.68029, 10.30163, -0.32226],
			"to": [2.04329, 10.91963, 0.09024],
			"rotation": {"angle": 45, "axis": "x", "origin": [7.99999, 8.92644, -3.79817]},
			"faces": {
				"north": {"uv": [10.25, 4, 11.25, 5.25], "rotation": 270, "texture": "#0"},
				"east": {"uv": [10.25, 4, 11.25, 5.25], "rotation": 180, "texture": "#0"},
				"south": {"uv": [10.25, 4, 11.25, 5.25], "rotation": 90, "texture": "#0"},
				"west": {"uv": [10.25, 4, 11.25, 5.25], "texture": "#0"},
				"up": {"uv": [10.25, 4, 11.25, 5.25], "rotation": 90, "texture": "#0"},
				"down": {"uv": [10.25, 4, 11.25, 5.25], "rotation": 270, "texture": "#0"}
			}
		},
		{
			"from": [1.68029, 5.20163, -0.32226],
			"to": [2.04329, 5.81963, 0.09024],
			"rotation": {"angle": 45, "axis": "x", "origin": [7.99999, 8.92644, -3.79817]},
			"faces": {
				"north": {"uv": [10.25, 4, 11.25, 5.25], "rotation": 270, "texture": "#0"},
				"east": {"uv": [10.25, 4, 11.25, 5.25], "rotation": 180, "texture": "#0"},
				"south": {"uv": [10.25, 4, 11.25, 5.25], "rotation": 90, "texture": "#0"},
				"west": {"uv": [10.25, 4, 11.25, 5.25], "texture": "#0"},
				"up": {"uv": [10.25, 4, 11.25, 5.25], "rotation": 90, "texture": "#0"},
				"down": {"uv": [10.25, 4, 11.25, 5.25], "rotation": 270, "texture": "#0"}
			}
		},
		{
			"from": [1.68029, 6.50438, -4.77501],
			"to": [2.04329, 6.91688, -4.15701],
			"rotation": {"angle": 45, "axis": "x", "origin": [7.99999, 8.92644, -3.79817]},
			"faces": {
				"north": {"uv": [10.25, 4, 11.25, 5.25], "rotation": 180, "texture": "#0"},
				"east": {"uv": [10.25, 4, 11.25, 5.25], "rotation": 90, "texture": "#0"},
				"south": {"uv": [10.25, 4, 11.25, 5.25], "texture": "#0"},
				"west": {"uv": [10.25, 4, 11.25, 5.25], "rotation": 270, "texture": "#0"},
				"up": {"uv": [10.25, 4, 11.25, 5.25], "texture": "#0"},
				"down": {"uv": [10.25, 4, 11.25, 5.25], "rotation": 180, "texture": "#0"}
			}
		},
		{
			"from": [3.66779, 8.53039, -8.0259],
			"to": [4.25579, 9.54289, -5.8329],
			"rotation": {"angle": 22.5, "axis": "x", "origin": [7.99999, 8.92644, -3.79817]},
			"faces": {
				"north": {"uv": [13.25, 5.5, 12.25, 3.25], "rotation": 90, "texture": "#0"},
				"east": {"uv": [13.25, 5.5, 12.25, 3.25], "texture": "#0"},
				"south": {"uv": [13.25, 5.5, 12.25, 3.25], "rotation": 270, "texture": "#0"},
				"west": {"uv": [13.25, 5.5, 12.25, 3.25], "rotation": 180, "texture": "#0"},
				"up": {"uv": [13.25, 5.5, 12.25, 3.25], "rotation": 270, "texture": "#0"},
				"down": {"uv": [13.25, 5.5, 12.25, 3.25], "rotation": 90, "texture": "#0"}
			}
		},
		{
			"from": [3.66779, 6.42788, -9.22151],
			"to": [4.25579, 7.44038, -7.02851],
			"rotation": {"angle": 22.5, "axis": "x", "origin": [7.99999, 8.92644, -3.79817]},
			"faces": {
				"north": {"uv": [13.25, 5.5, 12.25, 3.25], "rotation": 90, "texture": "#0"},
				"east": {"uv": [13.25, 5.5, 12.25, 3.25], "texture": "#0"},
				"south": {"uv": [13.25, 5.5, 12.25, 3.25], "rotation": 270, "texture": "#0"},
				"west": {"uv": [13.25, 5.5, 12.25, 3.25], "rotation": 180, "texture": "#0"},
				"up": {"uv": [13.25, 5.5, 12.25, 3.25], "rotation": 270, "texture": "#0"},
				"down": {"uv": [13.25, 5.5, 12.25, 3.25], "rotation": 90, "texture": "#0"}
			}
		},
		{
			"from": [3.66779, 10.77147, -6.7729],
			"to": [4.25579, 11.78397, -4.5799],
			"rotation": {"angle": 22.5, "axis": "x", "origin": [7.99999, 8.92644, -3.79817]},
			"faces": {
				"north": {"uv": [13.25, 5.5, 12.25, 3.25], "rotation": 90, "texture": "#0"},
				"east": {"uv": [13.25, 5.5, 12.25, 3.25], "texture": "#0"},
				"south": {"uv": [13.25, 5.5, 12.25, 3.25], "rotation": 270, "texture": "#0"},
				"west": {"uv": [13.25, 5.5, 12.25, 3.25], "rotation": 180, "texture": "#0"},
				"up": {"uv": [13.25, 5.5, 12.25, 3.25], "rotation": 270, "texture": "#0"},
				"down": {"uv": [13.25, 5.5, 12.25, 3.25], "rotation": 90, "texture": "#0"}
			}
		},
		{
			"from": [3.81779, 8.53039, -9.1884],
			"to": [4.10579, 9.24289, -8.0079],
			"rotation": {"angle": 22.5, "axis": "x", "origin": [7.99999, 8.92644, -3.79817]},
			"faces": {
				"north": {"uv": [13.25, 5.5, 12.25, 3.25], "rotation": 90, "texture": "#0"},
				"east": {"uv": [13.25, 5.5, 12.25, 3.25], "texture": "#0"},
				"south": {"uv": [13.25, 5.5, 12.25, 3.25], "rotation": 270, "texture": "#0"},
				"west": {"uv": [13.25, 5.5, 12.25, 3.25], "rotation": 180, "texture": "#0"},
				"up": {"uv": [13.25, 5.5, 12.25, 3.25], "rotation": 270, "texture": "#0"},
				"down": {"uv": [13.25, 5.5, 12.25, 3.25], "rotation": 90, "texture": "#0"}
			}
		},
		{
			"from": [3.81779, 6.42788, -10.38401],
			"to": [4.10579, 7.14038, -9.20351],
			"rotation": {"angle": 22.5, "axis": "x", "origin": [7.99999, 8.92644, -3.79817]},
			"faces": {
				"north": {"uv": [13.25, 5.5, 12.25, 3.25], "rotation": 90, "texture": "#0"},
				"east": {"uv": [13.25, 5.5, 12.25, 3.25], "texture": "#0"},
				"south": {"uv": [13.25, 5.5, 12.25, 3.25], "rotation": 270, "texture": "#0"},
				"west": {"uv": [13.25, 5.5, 12.25, 3.25], "rotation": 180, "texture": "#0"},
				"up": {"uv": [13.25, 5.5, 12.25, 3.25], "rotation": 270, "texture": "#0"},
				"down": {"uv": [13.25, 5.5, 12.25, 3.25], "rotation": 90, "texture": "#0"}
			}
		},
		{
			"from": [3.81779, 10.77147, -7.9354],
			"to": [4.10579, 11.48397, -6.7549],
			"rotation": {"angle": 22.5, "axis": "x", "origin": [7.99999, 8.92644, -3.79817]},
			"faces": {
				"north": {"uv": [13.25, 5.5, 12.25, 3.25], "rotation": 90, "texture": "#0"},
				"east": {"uv": [13.25, 5.5, 12.25, 3.25], "texture": "#0"},
				"south": {"uv": [13.25, 5.5, 12.25, 3.25], "rotation": 270, "texture": "#0"},
				"west": {"uv": [13.25, 5.5, 12.25, 3.25], "rotation": 180, "texture": "#0"},
				"up": {"uv": [13.25, 5.5, 12.25, 3.25], "rotation": 270, "texture": "#0"},
				"down": {"uv": [13.25, 5.5, 12.25, 3.25], "rotation": 90, "texture": "#0"}
			}
		},
		{
			"from": [4.39656, 5.48573, -11.9085],
			"to": [4.39656, 10.88573, -7.0185],
			"rotation": {"angle": 45, "axis": "x", "origin": [7.99999, 8.92644, -3.79817]},
			"faces": {
				"east": {"uv": [0, 6, 16, 16], "rotation": 90, "texture": "#1"},
				"west": {"uv": [0, 6, 16, 16], "rotation": 270, "texture": "#1"}
			}
		},
		{
			"from": [8.67511, 4.85097, -5.50078],
			"to": [13.32511, 11.30097, 0.94922],
			"rotation": {"angle": 45, "axis": "x", "origin": [7.99999, 8.92644, -3.79817]},
			"faces": {
				"north": {"uv": [8.5, 16, 5.5, 14], "texture": "#0"},
				"east": {"uv": [7.5, 16, 5.5, 14], "rotation": 270, "texture": "#0"},
				"south": {"uv": [8.5, 16, 5.5, 14], "rotation": 180, "texture": "#0"},
				"west": {"uv": [7.5, 16, 5.5, 14], "rotation": 90, "texture": "#0"},
				"up": {"uv": [8.5, 16, 5.5, 14], "rotation": 180, "texture": "#0"},
				"down": {"uv": [8.5, 16, 5.5, 14], "rotation": 180, "texture": "#0"}
			}
		},
		{
			"from": [10.17511, 5.60097, -4.37578],
			"to": [14.82511, 10.55097, 0.57422],
			"rotation": {"angle": 45, "axis": "x", "origin": [7.99999, 8.92644, -3.79817]},
			"faces": {
				"north": {"uv": [0.25, 2.75, 1.75, 0.75], "rotation": 90, "texture": "#0"},
				"east": {"uv": [0.25, 2.75, 1.75, 0.75], "texture": "#0"},
				"south": {"uv": [0.25, 2.75, 1.75, 0.75], "rotation": 270, "texture": "#0"},
				"west": {"uv": [0.25, 2.75, 1.75, 0.75], "rotation": 180, "texture": "#0"},
				"up": {"uv": [0.25, 2.75, 1.75, 0.75], "rotation": 270, "texture": "#0"},
				"down": {"uv": [0.25, 2.75, 1.75, 0.75], "rotation": 90, "texture": "#0"}
			}
		},
		{
			"from": [11.29411, 3.85163, -5.48298],
			"to": [12.48211, 4.84463, -0.79548],
			"rotation": {"angle": 45, "axis": "x", "origin": [7.99999, 8.92644, -3.79817]},
			"faces": {
				"north": {"uv": [14, 0.5, 14.5, 0], "texture": "#0"},
				"east": {"uv": [14, 4.25, 15, 0], "rotation": 270, "texture": "#0"},
				"south": {"uv": [14, 0.5, 15, 0.25], "rotation": 180, "texture": "#0"},
				"west": {"uv": [15, 4.25, 14, 0], "rotation": 90, "texture": "#0"},
				"up": {"uv": [14.5, 4.25, 15, 0], "rotation": 180, "texture": "#0"},
				"down": {"uv": [14, 4.25, 14.5, 0], "texture": "#0"}
			}
		},
		{
			"from": [11.29411, 11.20163, -5.49726],
			"to": [12.48211, 12.19463, -3.05976],
			"rotation": {"angle": 45, "axis": "x", "origin": [7.99999, 8.92644, -3.79817]},
			"faces": {
				"north": {"uv": [14, 0.25, 15, 0.5], "texture": "#0"},
				"east": {"uv": [14, 0, 15, 2.25], "rotation": 270, "texture": "#0"},
				"south": {"uv": [14, 0, 14.5, 0.5], "rotation": 180, "texture": "#0"},
				"west": {"uv": [15, 0, 14, 2.25], "rotation": 90, "texture": "#0"},
				"up": {"uv": [14.5, 0, 15, 2.25], "rotation": 180, "texture": "#0"},
				"down": {"uv": [14, 0, 14.5, 2.25], "texture": "#0"}
			}
		},
		{
			"from": [11.29411, 4.83513, -6.46251],
			"to": [12.48211, 11.39763, -5.46951],
			"rotation": {"angle": 45, "axis": "x", "origin": [7.99999, 8.92644, -3.79817]},
			"faces": {
				"north": {"uv": [14, 4.25, 14.5, 0], "rotation": 180, "texture": "#0"},
				"east": {"uv": [15, 0, 14, 4.25], "texture": "#0"},
				"south": {"uv": [14.5, 4.25, 15, 0], "rotation": 180, "texture": "#0"},
				"west": {"uv": [14, 0, 15, 4.25], "texture": "#0"},
				"up": {"uv": [14.5, 0, 14, 0.5], "texture": "#0"},
				"down": {"uv": [15, 0.25, 14, 0.5], "texture": "#0"}
			}
		},
		{
			"from": [13.95661, 7.85438, -4.77501],
			"to": [14.31961, 8.26688, -4.15701],
			"rotation": {"angle": 45, "axis": "x", "origin": [7.99999, 8.92644, -3.79817]},
			"faces": {
				"north": {"uv": [11.25, 4, 10.25, 5.25], "rotation": 180, "texture": "#0"},
				"east": {"uv": [11.25, 4, 10.25, 5.25], "rotation": 90, "texture": "#0"},
				"south": {"uv": [11.25, 4, 10.25, 5.25], "texture": "#0"},
				"west": {"uv": [11.25, 4, 10.25, 5.25], "rotation": 270, "texture": "#0"},
				"up": {"uv": [11.25, 4, 10.25, 5.25], "texture": "#0"},
				"down": {"uv": [11.25, 4, 10.25, 5.25], "rotation": 180, "texture": "#0"}
			}
		},
		{
			"from": [13.95661, 9.20438, -4.77501],
			"to": [14.31961, 9.61688, -4.15701],
			"rotation": {"angle": 45, "axis": "x", "origin": [7.99999, 8.92644, -3.79817]},
			"faces": {
				"north": {"uv": [11.25, 4, 10.25, 5.25], "rotation": 180, "texture": "#0"},
				"east": {"uv": [11.25, 4, 10.25, 5.25], "rotation": 90, "texture": "#0"},
				"south": {"uv": [11.25, 4, 10.25, 5.25], "texture": "#0"},
				"west": {"uv": [11.25, 4, 10.25, 5.25], "rotation": 270, "texture": "#0"},
				"up": {"uv": [11.25, 4, 10.25, 5.25], "texture": "#0"},
				"down": {"uv": [11.25, 4, 10.25, 5.25], "rotation": 180, "texture": "#0"}
			}
		},
		{
			"from": [13.95661, 10.30163, -3.32226],
			"to": [14.31961, 10.91963, -2.90976],
			"rotation": {"angle": 45, "axis": "x", "origin": [7.99999, 8.92644, -3.79817]},
			"faces": {
				"north": {"uv": [10.25, 5.25, 11.25, 4], "rotation": 270, "texture": "#0"},
				"east": {"uv": [10.25, 5.25, 11.25, 4], "rotation": 180, "texture": "#0"},
				"south": {"uv": [10.25, 5.25, 11.25, 4], "rotation": 90, "texture": "#0"},
				"west": {"uv": [10.25, 5.25, 11.25, 4], "texture": "#0"},
				"up": {"uv": [10.25, 5.25, 11.25, 4], "rotation": 90, "texture": "#0"},
				"down": {"uv": [10.25, 5.25, 11.25, 4], "rotation": 270, "texture": "#0"}
			}
		},
		{
			"from": [13.95661, 5.20163, -3.32226],
			"to": [14.31961, 5.81963, -2.90976],
			"rotation": {"angle": 45, "axis": "x", "origin": [7.99999, 8.92644, -3.79817]},
			"faces": {
				"north": {"uv": [10.25, 5.25, 11.25, 4], "rotation": 270, "texture": "#0"},
				"east": {"uv": [10.25, 5.25, 11.25, 4], "rotation": 180, "texture": "#0"},
				"south": {"uv": [10.25, 5.25, 11.25, 4], "rotation": 90, "texture": "#0"},
				"west": {"uv": [10.25, 5.25, 11.25, 4], "texture": "#0"},
				"up": {"uv": [10.25, 5.25, 11.25, 4], "rotation": 90, "texture": "#0"},
				"down": {"uv": [10.25, 5.25, 11.25, 4], "rotation": 270, "texture": "#0"}
			}
		},
		{
			"from": [13.95661, 10.30163, -1.82226],
			"to": [14.31961, 10.91963, -1.40976],
			"rotation": {"angle": 45, "axis": "x", "origin": [7.99999, 8.92644, -3.79817]},
			"faces": {
				"north": {"uv": [10.25, 5.25, 11.25, 4], "rotation": 270, "texture": "#0"},
				"east": {"uv": [10.25, 5.25, 11.25, 4], "rotation": 180, "texture": "#0"},
				"south": {"uv": [10.25, 5.25, 11.25, 4], "rotation": 90, "texture": "#0"},
				"west": {"uv": [10.25, 5.25, 11.25, 4], "texture": "#0"},
				"up": {"uv": [10.25, 5.25, 11.25, 4], "rotation": 90, "texture": "#0"},
				"down": {"uv": [10.25, 5.25, 11.25, 4], "rotation": 270, "texture": "#0"}
			}
		},
		{
			"from": [13.95661, 5.20163, -1.82226],
			"to": [14.31961, 5.81963, -1.40976],
			"rotation": {"angle": 45, "axis": "x", "origin": [7.99999, 8.92644, -3.79817]},
			"faces": {
				"north": {"uv": [10.25, 5.25, 11.25, 4], "rotation": 270, "texture": "#0"},
				"east": {"uv": [10.25, 5.25, 11.25, 4], "rotation": 180, "texture": "#0"},
				"south": {"uv": [10.25, 5.25, 11.25, 4], "rotation": 90, "texture": "#0"},
				"west": {"uv": [10.25, 5.25, 11.25, 4], "texture": "#0"},
				"up": {"uv": [10.25, 5.25, 11.25, 4], "rotation": 90, "texture": "#0"},
				"down": {"uv": [10.25, 5.25, 11.25, 4], "rotation": 270, "texture": "#0"}
			}
		},
		{
			"from": [13.95661, 10.30163, -0.32226],
			"to": [14.31961, 10.91963, 0.09024],
			"rotation": {"angle": 45, "axis": "x", "origin": [7.99999, 8.92644, -3.79817]},
			"faces": {
				"north": {"uv": [10.25, 5.25, 11.25, 4], "rotation": 270, "texture": "#0"},
				"east": {"uv": [10.25, 5.25, 11.25, 4], "rotation": 180, "texture": "#0"},
				"south": {"uv": [10.25, 5.25, 11.25, 4], "rotation": 90, "texture": "#0"},
				"west": {"uv": [10.25, 5.25, 11.25, 4], "texture": "#0"},
				"up": {"uv": [10.25, 5.25, 11.25, 4], "rotation": 90, "texture": "#0"},
				"down": {"uv": [10.25, 5.25, 11.25, 4], "rotation": 270, "texture": "#0"}
			}
		},
		{
			"from": [13.95661, 5.20163, -0.32226],
			"to": [14.31961, 5.81963, 0.09024],
			"rotation": {"angle": 45, "axis": "x", "origin": [7.99999, 8.92644, -3.79817]},
			"faces": {
				"north": {"uv": [10.25, 5.25, 11.25, 4], "rotation": 270, "texture": "#0"},
				"east": {"uv": [10.25, 5.25, 11.25, 4], "rotation": 180, "texture": "#0"},
				"south": {"uv": [10.25, 5.25, 11.25, 4], "rotation": 90, "texture": "#0"},
				"west": {"uv": [10.25, 5.25, 11.25, 4], "texture": "#0"},
				"up": {"uv": [10.25, 5.25, 11.25, 4], "rotation": 90, "texture": "#0"},
				"down": {"uv": [10.25, 5.25, 11.25, 4], "rotation": 270, "texture": "#0"}
			}
		},
		{
			"from": [13.95661, 6.50438, -4.77501],
			"to": [14.31961, 6.91688, -4.15701],
			"rotation": {"angle": 45, "axis": "x", "origin": [7.99999, 8.92644, -3.79817]},
			"faces": {
				"north": {"uv": [11.25, 4, 10.25, 5.25], "rotation": 180, "texture": "#0"},
				"east": {"uv": [11.25, 4, 10.25, 5.25], "rotation": 90, "texture": "#0"},
				"south": {"uv": [11.25, 4, 10.25, 5.25], "texture": "#0"},
				"west": {"uv": [11.25, 4, 10.25, 5.25], "rotation": 270, "texture": "#0"},
				"up": {"uv": [11.25, 4, 10.25, 5.25], "texture": "#0"},
				"down": {"uv": [11.25, 4, 10.25, 5.25], "rotation": 180, "texture": "#0"}
			}
		},
		{
			"from": [11.74411, 8.53039, -8.0259],
			"to": [12.33211, 9.54289, -5.8329],
			"rotation": {"angle": 22.5, "axis": "x", "origin": [7.99999, 8.92644, -3.79817]},
			"faces": {
				"north": {"uv": [13.25, 3.25, 12.25, 5.5], "rotation": 90, "texture": "#0"},
				"east": {"uv": [13.25, 3.25, 12.25, 5.5], "texture": "#0"},
				"south": {"uv": [13.25, 3.25, 12.25, 5.5], "rotation": 270, "texture": "#0"},
				"west": {"uv": [13.25, 3.25, 12.25, 5.5], "rotation": 180, "texture": "#0"},
				"up": {"uv": [13.25, 3.25, 12.25, 5.5], "rotation": 270, "texture": "#0"},
				"down": {"uv": [13.25, 3.25, 12.25, 5.5], "rotation": 90, "texture": "#0"}
			}
		},
		{
			"from": [11.74411, 6.42788, -9.22151],
			"to": [12.33211, 7.44038, -7.02851],
			"rotation": {"angle": 22.5, "axis": "x", "origin": [7.99999, 8.92644, -3.79817]},
			"faces": {
				"north": {"uv": [13.25, 3.25, 12.25, 5.5], "rotation": 90, "texture": "#0"},
				"east": {"uv": [13.25, 3.25, 12.25, 5.5], "texture": "#0"},
				"south": {"uv": [13.25, 3.25, 12.25, 5.5], "rotation": 270, "texture": "#0"},
				"west": {"uv": [13.25, 3.25, 12.25, 5.5], "rotation": 180, "texture": "#0"},
				"up": {"uv": [13.25, 3.25, 12.25, 5.5], "rotation": 270, "texture": "#0"},
				"down": {"uv": [13.25, 3.25, 12.25, 5.5], "rotation": 90, "texture": "#0"}
			}
		},
		{
			"from": [11.74411, 10.77147, -6.7729],
			"to": [12.33211, 11.78397, -4.5799],
			"rotation": {"angle": 22.5, "axis": "x", "origin": [7.99999, 8.92644, -3.79817]},
			"faces": {
				"north": {"uv": [13.25, 3.25, 12.25, 5.5], "rotation": 90, "texture": "#0"},
				"east": {"uv": [13.25, 3.25, 12.25, 5.5], "texture": "#0"},
				"south": {"uv": [13.25, 3.25, 12.25, 5.5], "rotation": 270, "texture": "#0"},
				"west": {"uv": [13.25, 3.25, 12.25, 5.5], "rotation": 180, "texture": "#0"},
				"up": {"uv": [13.25, 3.25, 12.25, 5.5], "rotation": 270, "texture": "#0"},
				"down": {"uv": [13.25, 3.25, 12.25, 5.5], "rotation": 90, "texture": "#0"}
			}
		},
		{
			"from": [11.89411, 8.53039, -9.1884],
			"to": [12.18211, 9.24289, -8.0079],
			"rotation": {"angle": 22.5, "axis": "x", "origin": [7.99999, 8.92644, -3.79817]},
			"faces": {
				"north": {"uv": [13.25, 3.25, 12.25, 5.5], "rotation": 90, "texture": "#0"},
				"east": {"uv": [13.25, 3.25, 12.25, 5.5], "texture": "#0"},
				"south": {"uv": [13.25, 3.25, 12.25, 5.5], "rotation": 270, "texture": "#0"},
				"west": {"uv": [13.25, 3.25, 12.25, 5.5], "rotation": 180, "texture": "#0"},
				"up": {"uv": [13.25, 3.25, 12.25, 5.5], "rotation": 270, "texture": "#0"},
				"down": {"uv": [13.25, 3.25, 12.25, 5.5], "rotation": 90, "texture": "#0"}
			}
		},
		{
			"from": [11.89411, 6.42788, -10.38401],
			"to": [12.18211, 7.14038, -9.20351],
			"rotation": {"angle": 22.5, "axis": "x", "origin": [7.99999, 8.92644, -3.79817]},
			"faces": {
				"north": {"uv": [13.25, 3.25, 12.25, 5.5], "rotation": 90, "texture": "#0"},
				"east": {"uv": [13.25, 3.25, 12.25, 5.5], "texture": "#0"},
				"south": {"uv": [13.25, 3.25, 12.25, 5.5], "rotation": 270, "texture": "#0"},
				"west": {"uv": [13.25, 3.25, 12.25, 5.5], "rotation": 180, "texture": "#0"},
				"up": {"uv": [13.25, 3.25, 12.25, 5.5], "rotation": 270, "texture": "#0"},
				"down": {"uv": [13.25, 3.25, 12.25, 5.5], "rotation": 90, "texture": "#0"}
			}
		},
		{
			"from": [11.89411, 10.77147, -7.9354],
			"to": [12.18211, 11.48397, -6.7549],
			"rotation": {"angle": 22.5, "axis": "x", "origin": [7.99999, 8.92644, -3.79817]},
			"faces": {
				"north": {"uv": [13.25, 3.25, 12.25, 5.5], "rotation": 90, "texture": "#0"},
				"east": {"uv": [13.25, 3.25, 12.25, 5.5], "texture": "#0"},
				"south": {"uv": [13.25, 3.25, 12.25, 5.5], "rotation": 270, "texture": "#0"},
				"west": {"uv": [13.25, 3.25, 12.25, 5.5], "rotation": 180, "texture": "#0"},
				"up": {"uv": [13.25, 3.25, 12.25, 5.5], "rotation": 270, "texture": "#0"},
				"down": {"uv": [13.25, 3.25, 12.25, 5.5], "rotation": 90, "texture": "#0"}
			}
		},
		{
			"from": [11.60335, 5.48573, -11.90847],
			"to": [11.60335, 10.88573, -7.01847],
			"rotation": {"angle": 45, "axis": "x", "origin": [7.99999, 8.92644, -3.79817]},
			"faces": {
				"east": {"uv": [16, 6, 0, 16], "rotation": 90, "texture": "#1"},
				"west": {"uv": [16, 6, 0, 16], "rotation": 270, "texture": "#1"}
			}
		},
		{
			"from": [4.37911, 5.81901, -7.04442],
			"to": [11.62111, 11.50401, -4.32942],
			"rotation": {"angle": 45, "axis": "x", "origin": [7.99999, 8.92644, -3.79817]},
			"faces": {
				"north": {"uv": [11.75, 14, 15, 16], "rotation": 180, "texture": "#0"},
				"east": {"uv": [11.75, 14, 15, 16], "rotation": 180, "texture": "#0"},
				"south": {"uv": [11.75, 14, 15, 16], "rotation": 90, "texture": "#0"},
				"west": {"uv": [11.75, 14, 15, 16], "texture": "#0"},
				"up": {"uv": [11.75, 14, 15, 16], "texture": "#0"},
				"down": {"uv": [11.75, 14, 15, 16], "rotation": 270, "texture": "#0"}
			}
		},
		{
			"from": [4.22911, 11.20616, -4.14976],
			"to": [11.77111, 12.94616, 3.86024],
			"rotation": {"angle": 0, "axis": "x", "origin": [7.99999, 8.92644, -3.79817]},
			"faces": {
				"north": {"uv": [11.75, 14, 15, 16], "rotation": 90, "texture": "#0"},
				"east": {"uv": [11.75, 14, 15, 16], "rotation": 90, "texture": "#0"},
				"south": {"uv": [11.75, 14, 15, 16], "texture": "#0"},
				"west": {"uv": [11.75, 14, 15, 16], "rotation": 90, "texture": "#0"},
				"up": {"uv": [11.75, 14, 15, 16], "texture": "#0"},
				"down": {"uv": [11.75, 14, 15, 16], "rotation": 90, "texture": "#0"}
			}
		},
		{
			"from": [5.72131, 6.08573, -12.87426],
			"to": [5.74051, 11.48573, -6.93426],
			"rotation": {"angle": 45, "axis": "x", "origin": [7.99999, 8.92644, -3.79817]},
			"faces": {
				"east": {"uv": [0, 6, 16, 16], "rotation": 90, "texture": "#1"},
				"west": {"uv": [0, 6, 16, 16], "rotation": 270, "texture": "#1"}
			}
		},
		{
			"from": [10.25939, 12.94174, -4.38928],
			"to": [10.27859, 18.88174, 3.86072],
			"rotation": {"angle": 0, "axis": "x", "origin": [7.99999, 8.92644, -3.79817]},
			"faces": {
				"east": {"uv": [16, 6, 0, 16], "texture": "#1"},
				"west": {"uv": [16, 6, 0, 16], "texture": "#1"}
			}
		},
		{
			"from": [5.72131, 12.94174, -4.38928],
			"to": [5.74051, 18.88174, 3.86072],
			"rotation": {"angle": 0, "axis": "x", "origin": [7.99999, 8.92644, -3.79817]},
			"faces": {
				"east": {"uv": [0, 6, 16, 16], "texture": "#1"},
				"west": {"uv": [0, 6, 16, 16], "texture": "#1"}
			}
		},
		{
			"from": [10.25939, 6.08573, -12.87426],
			"to": [10.27859, 11.48573, -6.93426],
			"rotation": {"angle": 45, "axis": "x", "origin": [7.99999, 8.92644, -3.79817]},
			"faces": {
				"east": {"uv": [16, 6, 0, 16], "rotation": 90, "texture": "#1"},
				"west": {"uv": [16, 6, 0, 16], "rotation": 270, "texture": "#1"}
			}
		}
	],
	"display": {
		"head": {
			"translation": [0, -4.5, 20],
			"scale": [4, 4, 4]
		}
	},
	"groups": [
		{
			"name": "root_normal",
			"origin": [8, 8, 8],
			"children": []
		},
		{
			"name": "root_thunder",
			"origin": [8, 8, 8],
			"children": [
				{
					"name": "body",
					"origin": [8, 8, 8],
					"children": [
						{
							"name": "0",
							"origin": [8, 8, 8],
							"children": [0, 1, 2, 3,
								{
									"name": "group",
									"origin": [8, 8, 8],
									"children": [4, 5, 6, 7, 8, 9, 10, 11, 12, 13, 14, 15,
										{
											"name": "group",
											"origin": [5.3079, 12.53601, -2.03141],
											"children": [16, 17]
										},
										{
											"name": "group",
											"origin": [5.3079, 12.53601, -2.03141],
											"children": [18, 19]
										},
										{
											"name": "group",
											"origin": [5.3079, 12.53601, -2.03141],
											"children": [20, 21]
										},
										{
											"name": "group",
											"origin": [5.3079, 12.53601, -2.03141],
											"children": [22, 23]
										}
									]
								}, 24, 25, 26, 27, 28,
								{
									"name": "shoulder_l",
									"origin": [8, 8, 8],
									"children": [29, 30,
										{
											"name": "group",
											"origin": [5.408, 9.22976, 4.83141],
											"children": [31, 32, 33, 34, 35, 36, 37, 38, 39, 40, 41, 42]
										},
										{
											"name": "group",
											"origin": [8, 8, 8],
											"children": [43, 44, 45, 46, 47, 48]
										}, 49]
								},
								{
									"name": "shoulder_r",
									"origin": [8, 8, 8],
									"children": [50, 51,
										{
											"name": "group",
											"origin": [5.408, 9.22976, 4.83141],
											"children": [52, 53, 54, 55, 56, 57, 58, 59, 60, 61, 62, 63]
										},
										{
											"name": "group",
											"origin": [8, 8, 8],
											"children": [64, 65, 66, 67, 68, 69]
										}, 70]
								}, 71, 72, 73, 74, 75, 76]
						}
					]
				}
			]
		}
	]
}