{
	"credit": "Made with Blockbench",
	"texture_size": [32, 32],
	"textures": {
		"0": "zinogre/head",
		"particle": "zinogre/head"
	},
	"elements": [
		{
			"from": [3.87511, 2.84345, -7.11217],
			"to": [12.12511, 9.29345, 4.51283],
			"rotation": {"angle": 0, "axis": "x", "origin": [7.99999, 8.92644, -3.79817]},
			"faces": {
				"north": {"uv": [0.25, 0.75, 1.75, 2.75], "texture": "#0"},
				"east": {"uv": [0.25, 0.75, 1.75, 2.75], "texture": "#0"},
				"south": {"uv": [0.25, 0.75, 1.75, 2.75], "texture": "#0"},
				"west": {"uv": [0.25, 0.75, 1.75, 2.75], "texture": "#0"},
				"up": {"uv": [0.25, 0.75, 1.75, 2.75], "texture": "#0"},
				"down": {"uv": [0.25, 0.75, 1.75, 2.75], "texture": "#0"}
			}
		},
		{
			"from": [4.25011, 9.29345, -2.46217],
			"to": [11.75011, 10.49345, 4.51283],
			"rotation": {"angle": 0, "axis": "x", "origin": [7.99999, 8.92644, -3.79817]},
			"faces": {
				"north": {"uv": [0.25, 0.75, 1.75, 2.75], "texture": "#0"},
				"east": {"uv": [0.25, 0.75, 1.75, 2.75], "texture": "#0"},
				"south": {"uv": [0.25, 0.75, 1.75, 2.75], "texture": "#0"},
				"west": {"uv": [0.25, 0.75, 1.75, 2.75], "texture": "#0"},
				"up": {"uv": [0.25, 0.75, 1.75, 2.75], "texture": "#0"},
				"down": {"uv": [0.25, 0.75, 1.75, 2.75], "texture": "#0"}
			}
		},
		{
			"from": [4.62511, 6.86248, -6.42515],
			"to": [11.37511, 11.28748, -2.67515],
			"rotation": {"angle": 45, "axis": "x", "origin": [7.99999, 8.92644, -3.79817]},
			"color": 0,
			"faces": {
				"north": {"uv": [0, 0, 2.25, 1.475], "rotation": 180, "texture": "#missing"},
				"east": {"uv": [0, 0, 1.475, 1.25], "rotation": 90, "texture": "#missing"},
				"south": {"uv": [0, 0, 2.25, 1.475], "texture": "#missing"},
				"west": {"uv": [0, 0, 1.475, 1.25], "rotation": 270, "texture": "#missing"},
				"up": {"uv": [0, 0, 2.25, 1.25], "texture": "#missing"},
				"down": {"uv": [0, 0, 2.25, 1.25], "rotation": 180, "texture": "#missing"}
			}
		},
		{
			"from": [4.77511, 7.79345, -4.03717],
			"to": [11.22511, 12.44345, 4.43783],
			"rotation": {"angle": 0, "axis": "x", "origin": [7.99999, 8.92644, -3.79817]},
			"color": 0,
			"faces": {
				"north": {"uv": [0, 0, 2.15, 1.55], "texture": "#missing"},
				"east": {"uv": [0, 0, 2.825, 1.55], "texture": "#missing"},
				"south": {"uv": [0, 0, 2.15, 1.55], "texture": "#missing"},
				"west": {"uv": [0, 0, 2.825, 1.55], "texture": "#missing"},
				"up": {"uv": [0, 0, 2.15, 2.825], "texture": "#missing"},
				"down": {"uv": [0, 0, 2.15, 2.825], "texture": "#missing"}
			}
		},
		{
			"from": [6.21811, 6.05438, -7.62501],
			"to": [7.40611, 11.67938, -6.40701],
			"rotation": {"angle": 45, "axis": "x", "origin": [7.99999, 8.92644, -3.79817]},
			"faces": {
				"north": {"uv": [14.5, 0, 15, 4.25], "rotation": 180, "texture": "#0"},
				"east": {"uv": [14, 0, 15, 4.25], "rotation": 180, "texture": "#0"},
				"south": {"uv": [14, 0, 14.5, 4.25], "texture": "#0"},
				"west": {"uv": [14, 0, 15, 4.25], "texture": "#0"},
				"up": {"uv": [14, 0.25, 14.5, 1], "texture": "#0"},
				"down": {"uv": [14, 0, 14.5, 1.25], "rotation": 180, "texture": "#0"}
			}
		},
		{
			"from": [6.21811, 12.25371, -4.53798],
			"to": [7.40611, 13.47171, 4.38702],
			"rotation": {"angle": 0, "axis": "x", "origin": [7.99999, 8.92644, -3.79817]},
			"faces": {
				"north": {"uv": [14, 0, 14.5, 1.25], "texture": "#0"},
				"east": {"uv": [14, 0, 15, 4.25], "rotation": 90, "texture": "#0"},
				"south": {"uv": [14, 0.25, 14.5, 1], "texture": "#0"},
				"west": {"uv": [14, 0, 15, 4.25], "rotation": 90, "texture": "#0"},
				"up": {"uv": [14.5, 0, 15, 4.25], "texture": "#0"},
				"down": {"uv": [14, 0, 14.5, 4.25], "texture": "#0"}
			}
		},
		{
			"from": [8.59411, 6.05438, -7.62501],
			"to": [9.78211, 11.67938, -6.40701],
			"rotation": {"angle": 45, "axis": "x", "origin": [7.99999, 8.92644, -3.79817]},
			"faces": {
				"north": {"uv": [14.5, 0, 15, 4.25], "rotation": 180, "texture": "#0"},
				"east": {"uv": [14, 0, 15, 4.25], "rotation": 180, "texture": "#0"},
				"south": {"uv": [14, 0, 14.5, 4.25], "texture": "#0"},
				"west": {"uv": [14, 0, 15, 4.25], "texture": "#0"},
				"up": {"uv": [14, 0.25, 14.5, 1], "texture": "#0"},
				"down": {"uv": [14, 0, 14.5, 1.25], "rotation": 180, "texture": "#0"}
			}
		},
		{
			"from": [8.59411, 12.25371, -4.53798],
			"to": [9.78211, 13.47171, 4.38702],
			"rotation": {"angle": 0, "axis": "x", "origin": [7.99999, 8.92644, -3.79817]},
			"faces": {
				"north": {"uv": [14, 0, 14.5, 1.25], "texture": "#0"},
				"east": {"uv": [14, 0, 15, 4.25], "rotation": 90, "texture": "#0"},
				"south": {"uv": [14, 0.25, 14.5, 1], "texture": "#0"},
				"west": {"uv": [14, 0, 15, 4.25], "rotation": 90, "texture": "#0"},
				"up": {"uv": [14.5, 0, 15, 4.25], "texture": "#0"},
				"down": {"uv": [14, 0, 14.5, 4.25], "texture": "#0"}
			}
		},
		{
			"from": [3.81811, 10.01008, -1.56582],
			"to": [5.30611, 11.30308, 4.24668],
			"rotation": {"angle": 0, "axis": "x", "origin": [7.99999, 8.92644, -3.79817]},
			"faces": {
				"north": {"uv": [14.5, 0, 15, 4], "rotation": 180, "texture": "#0"},
				"east": {"uv": [14, 0, 15, 4], "rotation": 270, "texture": "#0"},
				"south": {"uv": [14, 0, 15, 4], "rotation": 180, "texture": "#0"},
				"west": {"uv": [14, 0, 15, 4], "rotation": 90, "texture": "#0"},
				"up": {"uv": [14, 0, 14.5, 4.25], "rotation": 180, "texture": "#0"},
				"down": {"uv": [14, 0, 15, 4], "texture": "#0"}
			}
		},
		{
			"from": [10.69379, 10.01008, -1.56582],
			"to": [12.18179, 11.30308, 4.24668],
			"rotation": {"angle": 0, "axis": "x", "origin": [7.99999, 8.92644, -3.79817]},
			"faces": {
				"north": {"uv": [15, 0, 14.5, 4], "rotation": 180, "texture": "#0"},
				"east": {"uv": [15, 0, 14, 4], "rotation": 270, "texture": "#0"},
				"south": {"uv": [15, 0, 14, 4], "rotation": 180, "texture": "#0"},
				"west": {"uv": [15, 0, 14, 4], "rotation": 90, "texture": "#0"},
				"up": {"uv": [14.5, 0, 14, 4.25], "rotation": 180, "texture": "#0"},
				"down": {"uv": [15, 0, 14, 4], "texture": "#0"}
			}
		},
		{
			"from": [6.12511, 1.34345, -6.73717],
			"to": [9.87511, 3.29345, 4.13783],
			"rotation": {"angle": 0, "axis": "x", "origin": [7.99999, 8.92644, -3.79817]},
			"faces": {
				"north": {"uv": [8.5, 14, 11.75, 16], "texture": "#0"},
				"east": {"uv": [8.5, 14, 11.75, 16], "rotation": 180, "texture": "#0"},
				"south": {"uv": [8.5, 14, 11.75, 16], "texture": "#0"},
				"west": {"uv": [8.5, 14, 11.75, 16], "rotation": 180, "texture": "#0"},
				"up": {"uv": [8.5, 14, 11.75, 16], "rotation": 180, "texture": "#0"},
				"down": {"uv": [8.5, 14, 11.75, 16], "texture": "#0"}
			}
		},
		{
			"from": [7.02511, 0.44345, -5.98717],
			"to": [8.97511, 1.79345, -2.98717],
			"rotation": {"angle": 0, "axis": "x", "origin": [7.99999, 8.92644, -3.79817]},
			"faces": {
				"north": {"uv": [8.5, 14, 11.75, 16], "texture": "#0"},
				"east": {"uv": [8.5, 14, 11.75, 16], "rotation": 180, "texture": "#0"},
				"south": {"uv": [8.5, 14, 11.75, 16], "texture": "#0"},
				"west": {"uv": [8.5, 14, 11.75, 16], "rotation": 180, "texture": "#0"},
				"up": {"uv": [8.5, 14, 11.75, 16], "rotation": 180, "texture": "#0"},
				"down": {"uv": [8.5, 14, 11.75, 16], "texture": "#0"}
			}
		},
		{
			"from": [6.87511, 0.21845, -2.98717],
			"to": [9.12511, 1.79345, 0.01283],
			"rotation": {"angle": 0, "axis": "x", "origin": [7.99999, 8.92644, -3.79817]},
			"faces": {
				"north": {"uv": [8.5, 14, 11.75, 16], "texture": "#0"},
				"east": {"uv": [8.5, 14, 11.75, 16], "rotation": 180, "texture": "#0"},
				"south": {"uv": [8.5, 14, 11.75, 16], "texture": "#0"},
				"west": {"uv": [8.5, 14, 11.75, 16], "rotation": 180, "texture": "#0"},
				"up": {"uv": [8.5, 14, 11.75, 16], "rotation": 180, "texture": "#0"},
				"down": {"uv": [8.5, 14, 11.75, 16], "texture": "#0"}
			}
		},
		{
			"from": [7.02511, 0.59345, 0.01283],
			"to": [8.97511, 1.79345, 2.63783],
			"rotation": {"angle": 0, "axis": "x", "origin": [7.99999, 8.92644, -3.79817]},
			"faces": {
				"north": {"uv": [8.5, 14, 11.75, 16], "texture": "#0"},
				"east": {"uv": [8.5, 14, 11.75, 16], "rotation": 180, "texture": "#0"},
				"south": {"uv": [8.5, 14, 11.75, 16], "texture": "#0"},
				"west": {"uv": [8.5, 14, 11.75, 16], "rotation": 180, "texture": "#0"},
				"up": {"uv": [8.5, 14, 11.75, 16], "rotation": 180, "texture": "#0"},
				"down": {"uv": [8.5, 14, 11.75, 16], "texture": "#0"}
			}
		},
		{
			"from": [6.27511, 1.71845, -7.86217],
			"to": [9.72511, 4.04345, -5.98717],
			"rotation": {"angle": 0, "axis": "x", "origin": [7.99999, 8.92644, -3.79817]},
			"faces": {
				"north": {"uv": [8.5, 14, 11.75, 16], "texture": "#0"},
				"east": {"uv": [8.5, 14, 11.75, 16], "rotation": 180, "texture": "#0"},
				"south": {"uv": [8.5, 14, 11.75, 16], "texture": "#0"},
				"west": {"uv": [8.5, 14, 11.75, 16], "rotation": 180, "texture": "#0"},
				"up": {"uv": [8.5, 14, 11.75, 16], "rotation": 180, "texture": "#0"},
				"down": {"uv": [8.5, 14, 11.75, 16], "texture": "#0"}
			}
		},
		{
			"from": [2.67479, 4.85097, -5.50078],
			"to": [7.32479, 11.30097, 0.94922],
			"rotation": {"angle": 45, "axis": "x", "origin": [7.99999, 8.92644, -3.79817]},
			"faces": {
				"north": {"uv": [5.5, 16, 8.5, 14], "texture": "#0"},
				"east": {"uv": [5.5, 16, 7.5, 14], "rotation": 270, "texture": "#0"},
				"south": {"uv": [5.5, 16, 8.5, 14], "rotation": 180, "texture": "#0"},
				"west": {"uv": [5.5, 16, 7.5, 14], "rotation": 90, "texture": "#0"},
				"up": {"uv": [5.5, 16, 8.5, 14], "rotation": 180, "texture": "#0"},
				"down": {"uv": [5.5, 16, 8.5, 14], "rotation": 180, "texture": "#0"}
			}
		},
		{
			"from": [1.17479, 5.60097, -4.37578],
			"to": [5.82479, 10.55097, 0.57422],
			"rotation": {"angle": 45, "axis": "x", "origin": [7.99999, 8.92644, -3.79817]},
			"faces": {
				"north": {"uv": [0.25, 0.75, 1.75, 2.75], "rotation": 90, "texture": "#0"},
				"east": {"uv": [0.25, 0.75, 1.75, 2.75], "texture": "#0"},
				"south": {"uv": [0.25, 0.75, 1.75, 2.75], "rotation": 270, "texture": "#0"},
				"west": {"uv": [0.25, 0.75, 1.75, 2.75], "rotation": 180, "texture": "#0"},
				"up": {"uv": [0.25, 0.75, 1.75, 2.75], "rotation": 270, "texture": "#0"},
				"down": {"uv": [0.25, 0.75, 1.75, 2.75], "rotation": 90, "texture": "#0"}
			}
		},
		{
			"from": [3.51779, 3.85163, -5.48298],
			"to": [4.70579, 4.84463, -0.79548],
			"rotation": {"angle": 45, "axis": "x", "origin": [7.99999, 8.92644, -3.79817]},
			"faces": {
				"north": {"uv": [14.5, 0.5, 14, 0], "texture": "#0"},
				"east": {"uv": [14, 4.25, 15, 0], "rotation": 270, "texture": "#0"},
				"south": {"uv": [15, 0.5, 14, 0.25], "rotation": 180, "texture": "#0"},
				"west": {"uv": [15, 4.25, 14, 0], "rotation": 90, "texture": "#0"},
				"up": {"uv": [15, 4.25, 14.5, 0], "rotation": 180, "texture": "#0"},
				"down": {"uv": [14.5, 4.25, 14, 0], "texture": "#0"}
			}
		},
		{
			"from": [3.51779, 11.20163, -5.49726],
			"to": [4.70579, 12.19463, -3.05976],
			"rotation": {"angle": 45, "axis": "x", "origin": [7.99999, 8.92644, -3.79817]},
			"faces": {
				"north": {"uv": [15, 0.25, 14, 0.5], "texture": "#0"},
				"east": {"uv": [14, 0, 15, 2.25], "rotation": 270, "texture": "#0"},
				"south": {"uv": [14.5, 0, 14, 0.5], "rotation": 180, "texture": "#0"},
				"west": {"uv": [15, 0, 14, 2.25], "rotation": 90, "texture": "#0"},
				"up": {"uv": [15, 0, 14.5, 2.25], "rotation": 180, "texture": "#0"},
				"down": {"uv": [14.5, 0, 14, 2.25], "texture": "#0"}
			}
		},
		{
			"from": [3.51779, 4.83513, -6.46251],
			"to": [4.70579, 11.39763, -5.46951],
			"rotation": {"angle": 45, "axis": "x", "origin": [7.99999, 8.92644, -3.79817]},
			"faces": {
				"north": {"uv": [14.5, 4.25, 14, 0], "rotation": 180, "texture": "#0"},
				"east": {"uv": [14, 4.25, 15, 0], "rotation": 180, "texture": "#0"},
				"south": {"uv": [15, 4.25, 14.5, 0], "rotation": 180, "texture": "#0"},
				"west": {"uv": [15, 4.25, 14, 0], "rotation": 180, "texture": "#0"},
				"up": {"uv": [14, 0, 14.5, 0.5], "texture": "#0"},
				"down": {"uv": [14, 0.25, 15, 0.5], "texture": "#0"}
			}
		},
		{
			"from": [1.68029, 7.85438, -4.77501],
			"to": [2.04329, 8.26688, -4.15701],
			"rotation": {"angle": 45, "axis": "x", "origin": [7.99999, 8.92644, -3.79817]},
			"faces": {
				"north": {"uv": [10.25, 4, 11.25, 5.25], "rotation": 180, "texture": "#0"},
				"east": {"uv": [10.25, 4, 11.25, 5.25], "rotation": 90, "texture": "#0"},
				"south": {"uv": [10.25, 4, 11.25, 5.25], "texture": "#0"},
				"west": {"uv": [10.25, 4, 11.25, 5.25], "rotation": 270, "texture": "#0"},
				"up": {"uv": [10.25, 4, 11.25, 5.25], "texture": "#0"},
				"down": {"uv": [10.25, 4, 11.25, 5.25], "rotation": 180, "texture": "#0"}
			}
		},
		{
			"from": [1.68029, 9.20438, -4.77501],
			"to": [2.04329, 9.61688, -4.15701],
			"rotation": {"angle": 45, "axis": "x", "origin": [7.99999, 8.92644, -3.79817]},
			"faces": {
				"north": {"uv": [10.25, 4, 11.25, 5.25], "rotation": 180, "texture": "#0"},
				"east": {"uv": [10.25, 4, 11.25, 5.25], "rotation": 90, "texture": "#0"},
				"south": {"uv": [10.25, 4, 11.25, 5.25], "texture": "#0"},
				"west": {"uv": [10.25, 4, 11.25, 5.25], "rotation": 270, "texture": "#0"},
				"up": {"uv": [10.25, 4, 11.25, 5.25], "texture": "#0"},
				"down": {"uv": [10.25, 4, 11.25, 5.25], "rotation": 180, "texture": "#0"}
			}
		},
		{
			"from": [1.68029, 10.30163, -3.32226],
			"to": [2.04329, 10.91963, -2.90976],
			"rotation": {"angle": 45, "axis": "x", "origin": [7.99999, 8.92644, -3.79817]},
			"faces": {
				"north": {"uv": [10.25, 4, 11.25, 5.25], "rotation": 270, "texture": "#0"},
				"east": {"uv": [10.25, 4, 11.25, 5.25], "rotation": 180, "texture": "#0"},
				"south": {"uv": [10.25, 4, 11.25, 5.25], "rotation": 90, "texture": "#0"},
				"west": {"uv": [10.25, 4, 11.25, 5.25], "texture": "#0"},
				"up": {"uv": [10.25, 4, 11.25, 5.25], "rotation": 90, "texture": "#0"},
				"down": {"uv": [10.25, 4, 11.25, 5.25], "rotation": 270, "texture": "#0"}
			}
		},
		{
			"from": [1.68029, 5.20163, -3.32226],
			"to": [2.04329, 5.81963, -2.90976],
			"rotation": {"angle": 45, "axis": "x", "origin": [7.99999, 8.92644, -3.79817]},
			"faces": {
				"north": {"uv": [10.25, 4, 11.25, 5.25], "rotation": 270, "texture": "#0"},
				"east": {"uv": [10.25, 4, 11.25, 5.25], "rotation": 180, "texture": "#0"},
				"south": {"uv": [10.25, 4, 11.25, 5.25], "rotation": 90, "texture": "#0"},
				"west": {"uv": [10.25, 4, 11.25, 5.25], "texture": "#0"},
				"up": {"uv": [10.25, 4, 11.25, 5.25], "rotation": 90, "texture": "#0"},
				"down": {"uv": [10.25, 4, 11.25, 5.25], "rotation": 270, "texture": "#0"}
			}
		},
		{
			"from": [1.68029, 10.30163, -1.82226],
			"to": [2.04329, 10.91963, -1.40976],
			"rotation": {"angle": 45, "axis": "x", "origin": [7.99999, 8.92644, -3.79817]},
			"faces": {
				"north": {"uv": [10.25, 4, 11.25, 5.25], "rotation": 270, "texture": "#0"},
				"east": {"uv": [10.25, 4, 11.25, 5.25], "rotation": 180, "texture": "#0"},
				"south": {"uv": [10.25, 4, 11.25, 5.25], "rotation": 90, "texture": "#0"},
				"west": {"uv": [10.25, 4, 11.25, 5.25], "texture": "#0"},
				"up": {"uv": [10.25, 4, 11.25, 5.25], "rotation": 90, "texture": "#0"},
				"down": {"uv": [10.25, 4, 11.25, 5.25], "rotation": 270, "texture": "#0"}
			}
		},
		{
			"from": [1.68029, 5.20163, -1.82226],
			"to": [2.04329, 5.81963, -1.40976],
			"rotation": {"angle": 45, "axis": "x", "origin": [7.99999, 8.92644, -3.79817]},
			"faces": {
				"north": {"uv": [10.25, 4, 11.25, 5.25], "rotation": 270, "texture": "#0"},
				"east": {"uv": [10.25, 4, 11.25, 5.25], "rotation": 180, "texture": "#0"},
				"south": {"uv": [10.25, 4, 11.25, 5.25], "rotation": 90, "texture": "#0"},
				"west": {"uv": [10.25, 4, 11.25, 5.25], "texture": "#0"},
				"up": {"uv": [10.25, 4, 11.25, 5.25], "rotation": 90, "texture": "#0"},
				"down": {"uv": [10.25, 4, 11.25, 5.25], "rotation": 270, "texture": "#0"}
			}
		},
		{
			"from": [1.68029, 10.30163, -0.32226],
			"to": [2.04329, 10.91963, 0.09024],
			"rotation": {"angle": 45, "axis": "x", "origin": [7.99999, 8.92644, -3.79817]},
			"faces": {
				"north": {"uv": [10.25, 4, 11.25, 5.25], "rotation": 270, "texture": "#0"},
				"east": {"uv": [10.25, 4, 11.25, 5.25], "rotation": 180, "texture": "#0"},
				"south": {"uv": [10.25, 4, 11.25, 5.25], "rotation": 90, "texture": "#0"},
				"west": {"uv": [10.25, 4, 11.25, 5.25], "texture": "#0"},
				"up": {"uv": [10.25, 4, 11.25, 5.25], "rotation": 90, "texture": "#0"},
				"down": {"uv": [10.25, 4, 11.25, 5.25], "rotation": 270, "texture": "#0"}
			}
		},
		{
			"from": [1.68029, 5.20163, -0.32226],
			"to": [2.04329, 5.81963, 0.09024],
			"rotation": {"angle": 45, "axis": "x", "origin": [7.99999, 8.92644, -3.79817]},
			"faces": {
				"north": {"uv": [10.25, 4, 11.25, 5.25], "rotation": 270, "texture": "#0"},
				"east": {"uv": [10.25, 4, 11.25, 5.25], "rotation": 180, "texture": "#0"},
				"south": {"uv": [10.25, 4, 11.25, 5.25], "rotation": 90, "texture": "#0"},
				"west": {"uv": [10.25, 4, 11.25, 5.25], "texture": "#0"},
				"up": {"uv": [10.25, 4, 11.25, 5.25], "rotation": 90, "texture": "#0"},
				"down": {"uv": [10.25, 4, 11.25, 5.25], "rotation": 270, "texture": "#0"}
			}
		},
		{
			"from": [1.68029, 6.50438, -4.77501],
			"to": [2.04329, 6.91688, -4.15701],
			"rotation": {"angle": 45, "axis": "x", "origin": [7.99999, 8.92644, -3.79817]},
			"faces": {
				"north": {"uv": [10.25, 4, 11.25, 5.25], "rotation": 180, "texture": "#0"},
				"east": {"uv": [10.25, 4, 11.25, 5.25], "rotation": 90, "texture": "#0"},
				"south": {"uv": [10.25, 4, 11.25, 5.25], "texture": "#0"},
				"west": {"uv": [10.25, 4, 11.25, 5.25], "rotation": 270, "texture": "#0"},
				"up": {"uv": [10.25, 4, 11.25, 5.25], "texture": "#0"},
				"down": {"uv": [10.25, 4, 11.25, 5.25], "rotation": 180, "texture": "#0"}
			}
		},
		{
			"from": [8.67511, 4.85097, -5.50078],
			"to": [13.32511, 11.30097, 0.94922],
			"rotation": {"angle": 45, "axis": "x", "origin": [7.99999, 8.92644, -3.79817]},
			"faces": {
				"north": {"uv": [8.5, 16, 5.5, 14], "texture": "#0"},
				"east": {"uv": [7.5, 16, 5.5, 14], "rotation": 270, "texture": "#0"},
				"south": {"uv": [8.5, 16, 5.5, 14], "rotation": 180, "texture": "#0"},
				"west": {"uv": [7.5, 16, 5.5, 14], "rotation": 90, "texture": "#0"},
				"up": {"uv": [8.5, 16, 5.5, 14], "rotation": 180, "texture": "#0"},
				"down": {"uv": [8.5, 16, 5.5, 14], "rotation": 180, "texture": "#0"}
			}
		},
		{
			"from": [10.17511, 5.60097, -4.37578],
			"to": [14.82511, 10.55097, 0.57422],
			"rotation": {"angle": 45, "axis": "x", "origin": [7.99999, 8.92644, -3.79817]},
			"faces": {
				"north": {"uv": [0.25, 2.75, 1.75, 0.75], "rotation": 90, "texture": "#0"},
				"east": {"uv": [0.25, 2.75, 1.75, 0.75], "texture": "#0"},
				"south": {"uv": [0.25, 2.75, 1.75, 0.75], "rotation": 270, "texture": "#0"},
				"west": {"uv": [0.25, 2.75, 1.75, 0.75], "rotation": 180, "texture": "#0"},
				"up": {"uv": [0.25, 2.75, 1.75, 0.75], "rotation": 270, "texture": "#0"},
				"down": {"uv": [0.25, 2.75, 1.75, 0.75], "rotation": 90, "texture": "#0"}
			}
		},
		{
			"from": [11.29411, 3.85163, -5.48298],
			"to": [12.48211, 4.84463, -0.79548],
			"rotation": {"angle": 45, "axis": "x", "origin": [7.99999, 8.92644, -3.79817]},
			"faces": {
				"north": {"uv": [14, 0.5, 14.5, 0], "texture": "#0"},
				"east": {"uv": [14, 4.25, 15, 0], "rotation": 270, "texture": "#0"},
				"south": {"uv": [14, 0.5, 15, 0.25], "rotation": 180, "texture": "#0"},
				"west": {"uv": [15, 4.25, 14, 0], "rotation": 90, "texture": "#0"},
				"up": {"uv": [14.5, 4.25, 15, 0], "rotation": 180, "texture": "#0"},
				"down": {"uv": [14, 4.25, 14.5, 0], "texture": "#0"}
			}
		},
		{
			"from": [11.29411, 11.20163, -5.49726],
			"to": [12.48211, 12.19463, -3.05976],
			"rotation": {"angle": 45, "axis": "x", "origin": [7.99999, 8.92644, -3.79817]},
			"faces": {
				"north": {"uv": [14, 0.25, 15, 0.5], "texture": "#0"},
				"east": {"uv": [14, 0, 15, 2.25], "rotation": 270, "texture": "#0"},
				"south": {"uv": [14, 0, 14.5, 0.5], "rotation": 180, "texture": "#0"},
				"west": {"uv": [15, 0, 14, 2.25], "rotation": 90, "texture": "#0"},
				"up": {"uv": [14.5, 0, 15, 2.25], "rotation": 180, "texture": "#0"},
				"down": {"uv": [14, 0, 14.5, 2.25], "texture": "#0"}
			}
		},
		{
			"from": [11.29411, 4.83513, -6.46251],
			"to": [12.48211, 11.39763, -5.46951],
			"rotation": {"angle": 45, "axis": "x", "origin": [7.99999, 8.92644, -3.79817]},
			"faces": {
				"north": {"uv": [14, 4.25, 14.5, 0], "rotation": 180, "texture": "#0"},
				"east": {"uv": [15, 0, 14, 4.25], "texture": "#0"},
				"south": {"uv": [14.5, 4.25, 15, 0], "rotation": 180, "texture": "#0"},
				"west": {"uv": [14, 0, 15, 4.25], "texture": "#0"},
				"up": {"uv": [14.5, 0, 14, 0.5], "texture": "#0"},
				"down": {"uv": [15, 0.25, 14, 0.5], "texture": "#0"}
			}
		},
		{
			"from": [13.95661, 7.85438, -4.77501],
			"to": [14.31961, 8.26688, -4.15701],
			"rotation": {"angle": 45, "axis": "x", "origin": [7.99999, 8.92644, -3.79817]},
			"faces": {
				"north": {"uv": [11.25, 4, 10.25, 5.25], "rotation": 180, "texture": "#0"},
				"east": {"uv": [11.25, 4, 10.25, 5.25], "rotation": 90, "texture": "#0"},
				"south": {"uv": [11.25, 4, 10.25, 5.25], "texture": "#0"},
				"west": {"uv": [11.25, 4, 10.25, 5.25], "rotation": 270, "texture": "#0"},
				"up": {"uv": [11.25, 4, 10.25, 5.25], "texture": "#0"},
				"down": {"uv": [11.25, 4, 10.25, 5.25], "rotation": 180, "texture": "#0"}
			}
		},
		{
			"from": [13.95661, 9.20438, -4.77501],
			"to": [14.31961, 9.61688, -4.15701],
			"rotation": {"angle": 45, "axis": "x", "origin": [7.99999, 8.92644, -3.79817]},
			"faces": {
				"north": {"uv": [11.25, 4, 10.25, 5.25], "rotation": 180, "texture": "#0"},
				"east": {"uv": [11.25, 4, 10.25, 5.25], "rotation": 90, "texture": "#0"},
				"south": {"uv": [11.25, 4, 10.25, 5.25], "texture": "#0"},
				"west": {"uv": [11.25, 4, 10.25, 5.25], "rotation": 270, "texture": "#0"},
				"up": {"uv": [11.25, 4, 10.25, 5.25], "texture": "#0"},
				"down": {"uv": [11.25, 4, 10.25, 5.25], "rotation": 180, "texture": "#0"}
			}
		},
		{
			"from": [13.95661, 10.30163, -3.32226],
			"to": [14.31961, 10.91963, -2.90976],
			"rotation": {"angle": 45, "axis": "x", "origin": [7.99999, 8.92644, -3.79817]},
			"faces": {
				"north": {"uv": [10.25, 5.25, 11.25, 4], "rotation": 270, "texture": "#0"},
				"east": {"uv": [10.25, 5.25, 11.25, 4], "rotation": 180, "texture": "#0"},
				"south": {"uv": [10.25, 5.25, 11.25, 4], "rotation": 90, "texture": "#0"},
				"west": {"uv": [10.25, 5.25, 11.25, 4], "texture": "#0"},
				"up": {"uv": [10.25, 5.25, 11.25, 4], "rotation": 90, "texture": "#0"},
				"down": {"uv": [10.25, 5.25, 11.25, 4], "rotation": 270, "texture": "#0"}
			}
		},
		{
			"from": [13.95661, 5.20163, -3.32226],
			"to": [14.31961, 5.81963, -2.90976],
			"rotation": {"angle": 45, "axis": "x", "origin": [7.99999, 8.92644, -3.79817]},
			"faces": {
				"north": {"uv": [10.25, 5.25, 11.25, 4], "rotation": 270, "texture": "#0"},
				"east": {"uv": [10.25, 5.25, 11.25, 4], "rotation": 180, "texture": "#0"},
				"south": {"uv": [10.25, 5.25, 11.25, 4], "rotation": 90, "texture": "#0"},
				"west": {"uv": [10.25, 5.25, 11.25, 4], "texture": "#0"},
				"up": {"uv": [10.25, 5.25, 11.25, 4], "rotation": 90, "texture": "#0"},
				"down": {"uv": [10.25, 5.25, 11.25, 4], "rotation": 270, "texture": "#0"}
			}
		},
		{
			"from": [13.95661, 10.30163, -1.82226],
			"to": [14.31961, 10.91963, -1.40976],
			"rotation": {"angle": 45, "axis": "x", "origin": [7.99999, 8.92644, -3.79817]},
			"faces": {
				"north": {"uv": [10.25, 5.25, 11.25, 4], "rotation": 270, "texture": "#0"},
				"east": {"uv": [10.25, 5.25, 11.25, 4], "rotation": 180, "texture": "#0"},
				"south": {"uv": [10.25, 5.25, 11.25, 4], "rotation": 90, "texture": "#0"},
				"west": {"uv": [10.25, 5.25, 11.25, 4], "texture": "#0"},
				"up": {"uv": [10.25, 5.25, 11.25, 4], "rotation": 90, "texture": "#0"},
				"down": {"uv": [10.25, 5.25, 11.25, 4], "rotation": 270, "texture": "#0"}
			}
		},
		{
			"from": [13.95661, 5.20163, -1.82226],
			"to": [14.31961, 5.81963, -1.40976],
			"rotation": {"angle": 45, "axis": "x", "origin": [7.99999, 8.92644, -3.79817]},
			"faces": {
				"north": {"uv": [10.25, 5.25, 11.25, 4], "rotation": 270, "texture": "#0"},
				"east": {"uv": [10.25, 5.25, 11.25, 4], "rotation": 180, "texture": "#0"},
				"south": {"uv": [10.25, 5.25, 11.25, 4], "rotation": 90, "texture": "#0"},
				"west": {"uv": [10.25, 5.25, 11.25, 4], "texture": "#0"},
				"up": {"uv": [10.25, 5.25, 11.25, 4], "rotation": 90, "texture": "#0"},
				"down": {"uv": [10.25, 5.25, 11.25, 4], "rotation": 270, "texture": "#0"}
			}
		},
		{
			"from": [13.95661, 10.30163, -0.32226],
			"to": [14.31961, 10.91963, 0.09024],
			"rotation": {"angle": 45, "axis": "x", "origin": [7.99999, 8.92644, -3.79817]},
			"faces": {
				"north": {"uv": [10.25, 5.25, 11.25, 4], "rotation": 270, "texture": "#0"},
				"east": {"uv": [10.25, 5.25, 11.25, 4], "rotation": 180, "texture": "#0"},
				"south": {"uv": [10.25, 5.25, 11.25, 4], "rotation": 90, "texture": "#0"},
				"west": {"uv": [10.25, 5.25, 11.25, 4], "texture": "#0"},
				"up": {"uv": [10.25, 5.25, 11.25, 4], "rotation": 90, "texture": "#0"},
				"down": {"uv": [10.25, 5.25, 11.25, 4], "rotation": 270, "texture": "#0"}
			}
		},
		{
			"from": [13.95661, 5.20163, -0.32226],
			"to": [14.31961, 5.81963, 0.09024],
			"rotation": {"angle": 45, "axis": "x", "origin": [7.99999, 8.92644, -3.79817]},
			"faces": {
				"north": {"uv": [10.25, 5.25, 11.25, 4], "rotation": 270, "texture": "#0"},
				"east": {"uv": [10.25, 5.25, 11.25, 4], "rotation": 180, "texture": "#0"},
				"south": {"uv": [10.25, 5.25, 11.25, 4], "rotation": 90, "texture": "#0"},
				"west": {"uv": [10.25, 5.25, 11.25, 4], "texture": "#0"},
				"up": {"uv": [10.25, 5.25, 11.25, 4], "rotation": 90, "texture": "#0"},
				"down": {"uv": [10.25, 5.25, 11.25, 4], "rotation": 270, "texture": "#0"}
			}
		},
		{
			"from": [13.95661, 6.50438, -4.77501],
			"to": [14.31961, 6.91688, -4.15701],
			"rotation": {"angle": 45, "axis": "x", "origin": [7.99999, 8.92644, -3.79817]},
			"faces": {
				"north": {"uv": [11.25, 4, 10.25, 5.25], "rotation": 180, "texture": "#0"},
				"east": {"uv": [11.25, 4, 10.25, 5.25], "rotation": 90, "texture": "#0"},
				"south": {"uv": [11.25, 4, 10.25, 5.25], "texture": "#0"},
				"west": {"uv": [11.25, 4, 10.25, 5.25], "rotation": 270, "texture": "#0"},
				"up": {"uv": [11.25, 4, 10.25, 5.25], "texture": "#0"},
				"down": {"uv": [11.25, 4, 10.25, 5.25], "rotation": 180, "texture": "#0"}
			}
		},
		{
			"from": [4.37911, 5.81901, -7.04442],
			"to": [11.62111, 11.50401, -4.32942],
			"rotation": {"angle": 45, "axis": "x", "origin": [7.99999, 8.92644, -3.79817]},
			"faces": {
				"north": {"uv": [8.5, 14, 11.75, 16], "rotation": 180, "texture": "#0"},
				"east": {"uv": [8.5, 14, 10, 16], "rotation": 180, "texture": "#0"},
				"south": {"uv": [8.5, 14, 11.75, 16], "rotation": 90, "texture": "#0"},
				"west": {"uv": [10.25, 14, 11.75, 16], "texture": "#0"},
				"up": {"uv": [8.5, 14, 11.75, 16], "texture": "#0"},
				"down": {"uv": [8.5, 14, 11.75, 16], "rotation": 270, "texture": "#0"}
			}
		},
		{
			"from": [4.22911, 11.20616, -4.14976],
			"to": [11.77111, 12.94616, 3.86024],
			"rotation": {"angle": 0, "axis": "x", "origin": [7.99999, 8.92644, -3.79817]},
			"faces": {
				"north": {"uv": [8.5, 14, 11.75, 16], "rotation": 90, "texture": "#0"},
				"east": {"uv": [8.5, 14, 10, 16], "rotation": 90, "texture": "#0"},
				"south": {"uv": [8.5, 14, 11.75, 16], "texture": "#0"},
				"west": {"uv": [10.25, 14, 11.75, 16], "rotation": 90, "texture": "#0"},
				"up": {"uv": [8.5, 14, 11.75, 16], "texture": "#0"},
				"down": {"uv": [8.5, 14, 11.75, 16], "rotation": 90, "texture": "#0"}
			}
		}
	],
	"display": {
		"head": {
			"translation": [0, -4.5, 20],
			"scale": [4, 4, 4]
		}
	},
	"groups": [
		{
			"name": "root_normal",
			"origin": [8, 8, 8],
			"children": [
				{
					"name": "body",
					"origin": [8, 8, 8],
					"children": [
						{
							"name": "0",
							"origin": [8, 8, 8],
							"children": [0, 1, 2, 3,
								{
									"name": "group",
									"origin": [8, 8, 8],
									"children": [4, 5, 6, 7, 8, 9]
								}, 10, 11, 12, 13, 14,
								{
									"name": "shoulder_l",
									"origin": [8, 8, 8],
									"children": [15, 16,
										{
											"name": "group",
											"origin": [5.408, 9.22976, 4.83141],
											"children": [17, 18, 19, 20, 21, 22, 23, 24, 25, 26, 27, 28]
										}
									]
								},
								{
									"name": "shoulder_r",
									"origin": [8, 8, 8],
									"children": [29, 30,
										{
											"name": "group",
											"origin": [5.408, 9.22976, 4.83141],
											"children": [31, 32, 33, 34, 35, 36, 37, 38, 39, 40, 41, 42]
										}
									]
								}, 43, 44]
						}
					]
				}
			]
		}
	]
}