{
	"credit": "Made with Blockbench",
	"texture_size": [32, 32],
	"textures": {
		"0": "zinogre/head",
		"particle": "reus/head"
	},
	"elements": [
		{
			"from": [5.8625, 6.66971, 9.03226],
			"to": [10.1375, 8.52596, 11.61976],
			"rotation": {"angle": -22.5, "axis": "x", "origin": [8, 8.34599, 10.30762]},
			"faces": {
				"north": {"uv": [4, 7, 5.5, 7.5], "texture": "#0"},
				"east": {"uv": [9, 6, 10, 6.5], "texture": "#0"},
				"south": {"uv": [5.5, 7, 7, 7.5], "texture": "#0"},
				"west": {"uv": [9, 6.5, 10, 7], "texture": "#0"},
				"up": {"uv": [3.5, 2, 2, 1], "texture": "#0"},
				"down": {"uv": [4, 0, 2.5, 1], "texture": "#0"}
			}
		},
		{
			"from": [6.0875, 6.12815, 8.53823],
			"to": [9.9125, 7.81565, 11.91323],
			"rotation": {"angle": 0, "axis": "x", "origin": [8, 8.34599, 10.30762]},
			"faces": {
				"north": {"uv": [7, 7, 8.5, 7.5], "texture": "#0"},
				"east": {"uv": [9, 7.5, 10, 8], "texture": "#0"},
				"south": {"uv": [7, 0, 8.5, 0.5], "texture": "#0"},
				"west": {"uv": [9, 8, 10, 8.5], "texture": "#0"},
				"up": {"uv": [1.5, 4, 0, 3], "texture": "#0"},
				"down": {"uv": [3, 3, 1.5, 4], "texture": "#0"}
			}
		},
		{
			"from": [6.3125, 6.24065, 4.93823],
			"to": [9.6875, 7.44065, 8.53823],
			"rotation": {"angle": 0, "axis": "x", "origin": [8, 8.34599, 10.30762]},
			"faces": {
				"north": {"uv": [1, 9.5, 2, 10], "texture": "#0"},
				"east": {"uv": [3, 9.5, 4, 10], "texture": "#0"},
				"south": {"uv": [4, 9.5, 5, 10], "texture": "#0"},
				"west": {"uv": [5, 9.5, 6, 10], "texture": "#0"},
				"up": {"uv": [7, 4, 6, 3], "texture": "#0"},
				"down": {"uv": [7, 4, 6, 5], "texture": "#0"}
			}
		},
		{
			"from": [6.7625, 6.35315, 2.91323],
			"to": [9.2375, 7.36565, 4.93823],
			"rotation": {"angle": 0, "axis": "x", "origin": [8, 8.34599, 10.30762]},
			"faces": {
				"north": {"uv": [6, 9.5, 7, 10], "texture": "#0"},
				"east": {"uv": [11, 3.5, 11.5, 4], "texture": "#0"},
				"south": {"uv": [7, 9.5, 8, 10], "texture": "#0"},
				"west": {"uv": [11, 4, 11.5, 4.5], "texture": "#0"},
				"up": {"uv": [9, 10, 8, 9.5], "texture": "#0"},
				"down": {"uv": [10, 9.5, 9, 10], "texture": "#0"}
			}
		},
		{
			"from": [6.9875, 6.35315, 2.46323],
			"to": [9.0125, 7.36565, 2.91323],
			"rotation": {"angle": 0, "axis": "x", "origin": [8, 8.34599, 10.30762]},
			"faces": {
				"north": {"uv": [11, 4.5, 11.5, 5], "texture": "#0"},
				"east": {"uv": [11, 5, 11.5, 5.5], "texture": "#0"},
				"south": {"uv": [11, 5.5, 11.5, 6], "texture": "#0"},
				"west": {"uv": [11, 6, 11.5, 6.5], "texture": "#0"},
				"up": {"uv": [11.5, 7, 11, 6.5], "texture": "#0"},
				"down": {"uv": [11.5, 7, 11, 7.5], "texture": "#0"}
			}
		},
		{
			"from": [6.65, 0.97907, 5.88437],
			"to": [7.775, 1.76657, 6.33437],
			"rotation": {"angle": 45, "axis": "x", "origin": [8, 8.34599, 10.30762]},
			"faces": {
				"north": {"uv": [11, 7.5, 11.5, 8], "texture": "#0"},
				"east": {"uv": [11, 8, 11.5, 8.5], "texture": "#0"},
				"south": {"uv": [11, 8.5, 11.5, 9], "texture": "#0"},
				"west": {"uv": [11, 9, 11.5, 9.5], "texture": "#0"},
				"up": {"uv": [11.5, 10, 11, 9.5], "texture": "#0"},
				"down": {"uv": [11.5, 10, 11, 10.5], "texture": "#0"}
			}
		},
		{
			"from": [6.875, 0.50657, 5.88437],
			"to": [7.775, 0.97907, 6.27812],
			"rotation": {"angle": 45, "axis": "x", "origin": [8, 8.34599, 10.30762]},
			"faces": {
				"north": {"uv": [11, 10.5, 11.5, 11], "texture": "#0"},
				"east": {"uv": [0, 11.5, 0.5, 12], "texture": "#0"},
				"south": {"uv": [0.5, 11.5, 1, 12], "texture": "#0"},
				"west": {"uv": [1, 11.5, 1.5, 12], "texture": "#0"},
				"up": {"uv": [2, 12, 1.5, 11.5], "texture": "#0"},
				"down": {"uv": [2.5, 11.5, 2, 12], "texture": "#0"}
			}
		},
		{
			"from": [7.1, 0.03407, 5.88437],
			"to": [7.775, 0.50657, 6.22187],
			"rotation": {"angle": 45, "axis": "x", "origin": [8, 8.34599, 10.30762]},
			"faces": {
				"north": {"uv": [2.5, 11.5, 3, 12], "texture": "#0"},
				"east": {"uv": [3, 11.5, 3.5, 12], "texture": "#0"},
				"south": {"uv": [3.5, 11.5, 4, 12], "texture": "#0"},
				"west": {"uv": [4, 11.5, 4.5, 12], "texture": "#0"},
				"up": {"uv": [5, 12, 4.5, 11.5], "texture": "#0"},
				"down": {"uv": [5.5, 11.5, 5, 12], "texture": "#0"}
			}
		},
		{
			"from": [7.325, -0.43843, 5.88437],
			"to": [7.775, 0.03407, 6.16562],
			"rotation": {"angle": 45, "axis": "x", "origin": [8, 8.34599, 10.30762]},
			"faces": {
				"north": {"uv": [5.5, 11.5, 6, 12], "texture": "#0"},
				"east": {"uv": [6, 11.5, 6.5, 12], "texture": "#0"},
				"south": {"uv": [6.5, 11.5, 7, 12], "texture": "#0"},
				"west": {"uv": [7, 11.5, 7.5, 12], "texture": "#0"},
				"up": {"uv": [8, 12, 7.5, 11.5], "texture": "#0"},
				"down": {"uv": [8.5, 11.5, 8, 12], "texture": "#0"}
			}
		},
		{
			"from": [8.225, 0.97907, 5.88437],
			"to": [9.35, 1.76657, 6.33437],
			"rotation": {"angle": 45, "axis": "x", "origin": [8, 8.34599, 10.30762]},
			"faces": {
				"north": {"uv": [8.5, 11.5, 9, 12], "texture": "#0"},
				"east": {"uv": [9, 11.5, 9.5, 12], "texture": "#0"},
				"south": {"uv": [9.5, 11.5, 10, 12], "texture": "#0"},
				"west": {"uv": [10, 11.5, 10.5, 12], "texture": "#0"},
				"up": {"uv": [11, 12, 10.5, 11.5], "texture": "#0"},
				"down": {"uv": [11.5, 11.5, 11, 12], "texture": "#0"}
			}
		},
		{
			"from": [8.225, 0.50657, 5.88437],
			"to": [9.125, 0.97907, 6.27812],
			"rotation": {"angle": 45, "axis": "x", "origin": [8, 8.34599, 10.30762]},
			"faces": {
				"north": {"uv": [11.5, 11.5, 12, 12], "texture": "#0"},
				"east": {"uv": [11.5, 0, 12, 0.5], "texture": "#0"},
				"south": {"uv": [11.5, 0.5, 12, 1], "texture": "#0"},
				"west": {"uv": [11.5, 1, 12, 1.5], "texture": "#0"},
				"up": {"uv": [12, 2, 11.5, 1.5], "texture": "#0"},
				"down": {"uv": [12, 2, 11.5, 2.5], "texture": "#0"}
			}
		},
		{
			"from": [8.225, 0.03407, 5.88437],
			"to": [8.9, 0.50657, 6.22187],
			"rotation": {"angle": 45, "axis": "x", "origin": [8, 8.34599, 10.30762]},
			"faces": {
				"north": {"uv": [11.5, 2.5, 12, 3], "texture": "#0"},
				"east": {"uv": [11.5, 3, 12, 3.5], "texture": "#0"},
				"south": {"uv": [11.5, 3.5, 12, 4], "texture": "#0"},
				"west": {"uv": [11.5, 4, 12, 4.5], "texture": "#0"},
				"up": {"uv": [12, 5, 11.5, 4.5], "texture": "#0"},
				"down": {"uv": [12, 5, 11.5, 5.5], "texture": "#0"}
			}
		},
		{
			"from": [8.225, -0.43843, 5.88437],
			"to": [8.675, 0.03407, 6.16562],
			"rotation": {"angle": 45, "axis": "x", "origin": [8, 8.34599, 10.30762]},
			"faces": {
				"north": {"uv": [11.5, 5.5, 12, 6], "texture": "#0"},
				"east": {"uv": [11.5, 6, 12, 6.5], "texture": "#0"},
				"south": {"uv": [11.5, 6.5, 12, 7], "texture": "#0"},
				"west": {"uv": [11.5, 7, 12, 7.5], "texture": "#0"},
				"up": {"uv": [12, 8, 11.5, 7.5], "texture": "#0"},
				"down": {"uv": [12, 8, 11.5, 8.5], "texture": "#0"}
			}
		},
		{
			"from": [5.975, 6.76638, 11.08829],
			"to": [6.48125, 7.72263, 11.65079],
			"rotation": {"angle": -22.5, "axis": "x", "origin": [8, 8.34599, 10.30762]},
			"faces": {
				"north": {"uv": [12.75, 4.25, 11.75, 5.25], "texture": "#0"},
				"east": {"uv": [12.75, 4.25, 11.75, 5.25], "rotation": 270, "texture": "#0"},
				"south": {"uv": [12.75, 4.25, 11.75, 5.25], "rotation": 180, "texture": "#0"},
				"west": {"uv": [12.75, 4.25, 11.75, 5.25], "rotation": 90, "texture": "#0"},
				"up": {"uv": [12.75, 4.25, 11.75, 5.25], "rotation": 180, "texture": "#0"},
				"down": {"uv": [12.75, 4.25, 11.75, 5.25], "texture": "#0"}
			}
		},
		{
			"from": [6.03125, 6.93513, 11.65079],
			"to": [6.425, 7.72263, 12.10079],
			"rotation": {"angle": -22.5, "axis": "x", "origin": [8, 8.34599, 10.30762]},
			"faces": {
				"north": {"uv": [12.75, 4.25, 11.75, 5.25], "texture": "#0"},
				"east": {"uv": [12.75, 4.25, 11.75, 5.25], "rotation": 270, "texture": "#0"},
				"south": {"uv": [12.75, 4.25, 11.75, 5.25], "rotation": 180, "texture": "#0"},
				"west": {"uv": [12.75, 4.25, 11.75, 5.25], "rotation": 90, "texture": "#0"},
				"up": {"uv": [12.75, 4.25, 11.75, 5.25], "rotation": 180, "texture": "#0"},
				"down": {"uv": [12.75, 4.25, 11.75, 5.25], "texture": "#0"}
			}
		},
		{
			"from": [6.03125, 7.10388, 12.10079],
			"to": [6.425, 7.72263, 12.55079],
			"rotation": {"angle": -22.5, "axis": "x", "origin": [8, 8.34599, 10.30762]},
			"faces": {
				"north": {"uv": [12.75, 4.25, 11.75, 5.25], "texture": "#0"},
				"east": {"uv": [12.75, 4.25, 11.75, 5.25], "rotation": 270, "texture": "#0"},
				"south": {"uv": [12.75, 4.25, 11.75, 5.25], "rotation": 180, "texture": "#0"},
				"west": {"uv": [12.75, 4.25, 11.75, 5.25], "rotation": 90, "texture": "#0"},
				"up": {"uv": [12.75, 4.25, 11.75, 5.25], "rotation": 180, "texture": "#0"},
				"down": {"uv": [12.75, 4.25, 11.75, 5.25], "texture": "#0"}
			}
		},
		{
			"from": [6.03125, 7.27263, 12.55079],
			"to": [6.425, 7.72263, 12.94454],
			"rotation": {"angle": -22.5, "axis": "x", "origin": [8, 8.34599, 10.30762]},
			"faces": {
				"north": {"uv": [12.75, 4.25, 11.75, 5.25], "texture": "#0"},
				"east": {"uv": [12.75, 4.25, 11.75, 5.25], "rotation": 270, "texture": "#0"},
				"south": {"uv": [12.75, 4.25, 11.75, 5.25], "rotation": 180, "texture": "#0"},
				"west": {"uv": [12.75, 4.25, 11.75, 5.25], "rotation": 90, "texture": "#0"},
				"up": {"uv": [12.75, 4.25, 11.75, 5.25], "rotation": 180, "texture": "#0"},
				"down": {"uv": [12.75, 4.25, 11.75, 5.25], "texture": "#0"}
			}
		},
		{
			"from": [5.91875, 6.02819, 9.58427],
			"to": [6.59375, 7.49069, 11.44052],
			"rotation": {"angle": -22.5, "axis": "x", "origin": [8, 8.34599, 10.30762]},
			"faces": {
				"north": {"uv": [9, 12, 9.5, 12.5], "texture": "#0"},
				"east": {"uv": [9.5, 12, 10, 12.5], "texture": "#0"},
				"south": {"uv": [10, 12, 10.5, 12.5], "texture": "#0"},
				"west": {"uv": [10.5, 12, 11, 12.5], "texture": "#0"},
				"up": {"uv": [11.5, 12.5, 11, 12], "texture": "#0"},
				"down": {"uv": [12, 12, 11.5, 12.5], "texture": "#0"}
			}
		},
		{
			"from": [6.03125, 4.90319, 10.03427],
			"to": [6.5375, 6.47819, 11.38427],
			"rotation": {"angle": -22.5, "axis": "x", "origin": [8, 8.34599, 10.30762]},
			"faces": {
				"north": {"uv": [12, 12, 12.5, 12.5], "texture": "#0"},
				"east": {"uv": [12, 0, 12.5, 0.5], "texture": "#0"},
				"south": {"uv": [12, 0.5, 12.5, 1], "texture": "#0"},
				"west": {"uv": [12, 1, 12.5, 1.5], "texture": "#0"},
				"up": {"uv": [12.5, 2, 12, 1.5], "texture": "#0"},
				"down": {"uv": [12.5, 2, 12, 2.5], "texture": "#0"}
			}
		},
		{
			"from": [6.14375, 3.77819, 10.59677],
			"to": [6.48125, 5.35319, 11.32802],
			"rotation": {"angle": -22.5, "axis": "x", "origin": [8, 8.34599, 10.30762]},
			"faces": {
				"north": {"uv": [12, 2.5, 12.5, 3], "texture": "#0"},
				"east": {"uv": [12, 3, 12.5, 3.5], "texture": "#0"},
				"south": {"uv": [12, 3.5, 12.5, 4], "texture": "#0"},
				"west": {"uv": [12, 4, 12.5, 4.5], "texture": "#0"},
				"up": {"uv": [12.5, 5, 12, 4.5], "texture": "#0"},
				"down": {"uv": [12.5, 5, 12, 5.5], "texture": "#0"}
			}
		},
		{
			"from": [5.91875, 6.28185, 7.68741],
			"to": [6.3125, 7.85685, 8.47491],
			"rotation": {"angle": -22.5, "axis": "x", "origin": [8, 8.34599, 10.30762]},
			"faces": {
				"north": {"uv": [12, 5.5, 12.5, 6], "texture": "#0"},
				"east": {"uv": [12, 6, 12.5, 6.5], "texture": "#0"},
				"south": {"uv": [12, 6.5, 12.5, 7], "texture": "#0"},
				"west": {"uv": [12, 7, 12.5, 7.5], "texture": "#0"},
				"up": {"uv": [12.5, 8, 12, 7.5], "texture": "#0"},
				"down": {"uv": [12.5, 8, 12, 8.5], "texture": "#0"}
			}
		},
		{
			"from": [6.14375, 6.91097, 6.44017],
			"to": [6.5375, 8.14847, 7.22767],
			"rotation": {"angle": -22.5, "axis": "x", "origin": [8, 8.34599, 10.30762]},
			"faces": {
				"north": {"uv": [12, 8.5, 12.5, 9], "texture": "#0"},
				"east": {"uv": [12, 9, 12.5, 9.5], "texture": "#0"},
				"south": {"uv": [12, 9.5, 12.5, 10], "texture": "#0"},
				"west": {"uv": [12, 10, 12.5, 10.5], "texture": "#0"},
				"up": {"uv": [12.5, 11, 12, 10.5], "texture": "#0"},
				"down": {"uv": [12.5, 11, 12, 11.5], "texture": "#0"}
			}
		},
		{
			"from": [6.14375, 7.54009, 5.19294],
			"to": [6.5375, 8.60884, 5.98044],
			"rotation": {"angle": -22.5, "axis": "x", "origin": [8, 8.34599, 10.30762]},
			"faces": {
				"north": {"uv": [12, 11.5, 12.5, 12], "texture": "#0"},
				"east": {"uv": [0, 12.5, 0.5, 13], "texture": "#0"},
				"south": {"uv": [0.5, 12.5, 1, 13], "texture": "#0"},
				"west": {"uv": [1, 12.5, 1.5, 13], "texture": "#0"},
				"up": {"uv": [2, 13, 1.5, 12.5], "texture": "#0"},
				"down": {"uv": [2.5, 12.5, 2, 13], "texture": "#0"}
			}
		},
		{
			"from": [6.36875, 8.11296, 3.9457],
			"to": [6.7625, 8.95671, 4.7332],
			"rotation": {"angle": -22.5, "axis": "x", "origin": [8, 8.34599, 10.30762]},
			"faces": {
				"north": {"uv": [2.5, 12.5, 3, 13], "texture": "#0"},
				"east": {"uv": [3, 12.5, 3.5, 13], "texture": "#0"},
				"south": {"uv": [3.5, 12.5, 4, 13], "texture": "#0"},
				"west": {"uv": [4, 12.5, 4.5, 13], "texture": "#0"},
				"up": {"uv": [5, 13, 4.5, 12.5], "texture": "#0"},
				"down": {"uv": [5.5, 12.5, 5, 13], "texture": "#0"}
			}
		},
		{
			"from": [6.2, 8.25452, 7.55056],
			"to": [6.3125, 8.81702, 7.83181],
			"rotation": {"angle": -22.5, "axis": "x", "origin": [8, 8.34599, 10.30762]},
			"faces": {
				"north": {"uv": [5.5, 12.5, 6, 13], "texture": "#0"},
				"east": {"uv": [6, 12.5, 6.5, 13], "texture": "#0"},
				"south": {"uv": [6.5, 12.5, 7, 13], "texture": "#0"},
				"west": {"uv": [7, 12.5, 7.5, 13], "texture": "#0"},
				"up": {"uv": [8, 13, 7.5, 12.5], "texture": "#0"},
				"down": {"uv": [8.5, 12.5, 8, 13], "texture": "#0"}
			}
		},
		{
			"from": [6.2, 8.59894, 6.71907],
			"to": [6.3125, 9.16144, 7.00032],
			"rotation": {"angle": -22.5, "axis": "x", "origin": [8, 8.34599, 10.30762]},
			"faces": {
				"north": {"uv": [8.5, 12.5, 9, 13], "texture": "#0"},
				"east": {"uv": [9, 12.5, 9.5, 13], "texture": "#0"},
				"south": {"uv": [9.5, 12.5, 10, 13], "texture": "#0"},
				"west": {"uv": [10, 12.5, 10.5, 13], "texture": "#0"},
				"up": {"uv": [11, 13, 10.5, 12.5], "texture": "#0"},
				"down": {"uv": [11.5, 12.5, 11, 13], "texture": "#0"}
			}
		},
		{
			"from": [6.2, 8.94335, 5.88758],
			"to": [6.3125, 9.50585, 6.16883],
			"rotation": {"angle": -22.5, "axis": "x", "origin": [8, 8.34599, 10.30762]},
			"faces": {
				"north": {"uv": [11.5, 12.5, 12, 13], "texture": "#0"},
				"east": {"uv": [12, 12.5, 12.5, 13], "texture": "#0"},
				"south": {"uv": [12.5, 12.5, 13, 13], "texture": "#0"},
				"west": {"uv": [12.5, 0, 13, 0.5], "texture": "#0"},
				"up": {"uv": [13, 1, 12.5, 0.5], "texture": "#0"},
				"down": {"uv": [13, 1, 12.5, 1.5], "texture": "#0"}
			}
		},
		{
			"from": [6.2, 9.28777, 5.05609],
			"to": [6.3125, 9.85027, 5.33734],
			"rotation": {"angle": -22.5, "axis": "x", "origin": [8, 8.34599, 10.30762]},
			"faces": {
				"north": {"uv": [12.5, 1.5, 13, 2], "texture": "#0"},
				"east": {"uv": [12.5, 2, 13, 2.5], "texture": "#0"},
				"south": {"uv": [12.5, 2.5, 13, 3], "texture": "#0"},
				"west": {"uv": [12.5, 3, 13, 3.5], "texture": "#0"},
				"up": {"uv": [13, 4, 12.5, 3.5], "texture": "#0"},
				"down": {"uv": [13, 4, 12.5, 4.5], "texture": "#0"}
			}
		},
		{
			"from": [6.65, 9.54608, 4.43247],
			"to": [6.7625, 9.88358, 4.71372],
			"rotation": {"angle": -22.5, "axis": "x", "origin": [8, 8.34599, 10.30762]},
			"faces": {
				"north": {"uv": [12.5, 4.5, 13, 5], "texture": "#0"},
				"east": {"uv": [12.5, 5, 13, 5.5], "texture": "#0"},
				"south": {"uv": [12.5, 5.5, 13, 6], "texture": "#0"},
				"west": {"uv": [12.5, 6, 13, 6.5], "texture": "#0"},
				"up": {"uv": [13, 7, 12.5, 6.5], "texture": "#0"},
				"down": {"uv": [13, 7, 12.5, 7.5], "texture": "#0"}
			}
		},
		{
			"from": [6.65, 9.89049, 3.60098],
			"to": [6.7625, 10.22799, 3.88223],
			"rotation": {"angle": -22.5, "axis": "x", "origin": [8, 8.34599, 10.30762]},
			"faces": {
				"north": {"uv": [12.5, 7.5, 13, 8], "texture": "#0"},
				"east": {"uv": [12.5, 8, 13, 8.5], "texture": "#0"},
				"south": {"uv": [12.5, 8.5, 13, 9], "texture": "#0"},
				"west": {"uv": [12.5, 9, 13, 9.5], "texture": "#0"},
				"up": {"uv": [13, 10, 12.5, 9.5], "texture": "#0"},
				"down": {"uv": [13, 10, 12.5, 10.5], "texture": "#0"}
			}
		},
		{
			"from": [9.51875, 6.76638, 11.08829],
			"to": [10.025, 7.72263, 11.65079],
			"rotation": {"angle": -22.5, "axis": "x", "origin": [8, 8.34599, 10.30762]},
			"faces": {
				"north": {"uv": [12.75, 4.25, 11.75, 5.25], "texture": "#0"},
				"east": {"uv": [12.75, 4.25, 11.75, 5.25], "rotation": 270, "texture": "#0"},
				"south": {"uv": [12.75, 4.25, 11.75, 5.25], "rotation": 180, "texture": "#0"},
				"west": {"uv": [12.75, 4.25, 11.75, 5.25], "rotation": 90, "texture": "#0"},
				"up": {"uv": [12.75, 4.25, 11.75, 5.25], "rotation": 180, "texture": "#0"},
				"down": {"uv": [12.75, 4.25, 11.75, 5.25], "texture": "#0"}
			}
		},
		{
			"from": [9.575, 6.93513, 11.65079],
			"to": [9.96875, 7.72263, 12.10079],
			"rotation": {"angle": -22.5, "axis": "x", "origin": [8, 8.34599, 10.30762]},
			"faces": {
				"north": {"uv": [12.75, 4.25, 11.75, 5.25], "texture": "#0"},
				"east": {"uv": [12.75, 4.25, 11.75, 5.25], "rotation": 270, "texture": "#0"},
				"south": {"uv": [12.75, 4.25, 11.75, 5.25], "rotation": 180, "texture": "#0"},
				"west": {"uv": [12.75, 4.25, 11.75, 5.25], "rotation": 90, "texture": "#0"},
				"up": {"uv": [12.75, 4.25, 11.75, 5.25], "rotation": 180, "texture": "#0"},
				"down": {"uv": [12.75, 4.25, 11.75, 5.25], "texture": "#0"}
			}
		},
		{
			"from": [9.575, 7.10388, 12.10079],
			"to": [9.96875, 7.72263, 12.55079],
			"rotation": {"angle": -22.5, "axis": "x", "origin": [8, 8.34599, 10.30762]},
			"faces": {
				"north": {"uv": [12.75, 4.25, 11.75, 5.25], "texture": "#0"},
				"east": {"uv": [12.75, 4.25, 11.75, 5.25], "rotation": 270, "texture": "#0"},
				"south": {"uv": [12.75, 4.25, 11.75, 5.25], "rotation": 180, "texture": "#0"},
				"west": {"uv": [12.75, 4.25, 11.75, 5.25], "rotation": 90, "texture": "#0"},
				"up": {"uv": [12.75, 4.25, 11.75, 5.25], "rotation": 180, "texture": "#0"},
				"down": {"uv": [12.75, 4.25, 11.75, 5.25], "texture": "#0"}
			}
		},
		{
			"from": [9.575, 7.27263, 12.55079],
			"to": [9.96875, 7.72263, 12.94454],
			"rotation": {"angle": -22.5, "axis": "x", "origin": [8, 8.34599, 10.30762]},
			"faces": {
				"north": {"uv": [12.75, 4.25, 11.75, 5.25], "texture": "#0"},
				"east": {"uv": [12.75, 4.25, 11.75, 5.25], "rotation": 270, "texture": "#0"},
				"south": {"uv": [12.75, 4.25, 11.75, 5.25], "rotation": 180, "texture": "#0"},
				"west": {"uv": [12.75, 4.25, 11.75, 5.25], "rotation": 90, "texture": "#0"},
				"up": {"uv": [12.75, 4.25, 11.75, 5.25], "rotation": 180, "texture": "#0"},
				"down": {"uv": [12.75, 4.25, 11.75, 5.25], "texture": "#0"}
			}
		},
		{
			"from": [9.40625, 6.02819, 9.58427],
			"to": [10.08125, 7.49069, 11.44052],
			"rotation": {"angle": -22.5, "axis": "x", "origin": [8, 8.34599, 10.30762]},
			"faces": {
				"north": {"uv": [10, 13, 10.5, 13.5], "texture": "#0"},
				"east": {"uv": [10.5, 13, 11, 13.5], "texture": "#0"},
				"south": {"uv": [11, 13, 11.5, 13.5], "texture": "#0"},
				"west": {"uv": [11.5, 13, 12, 13.5], "texture": "#0"},
				"up": {"uv": [12.5, 13.5, 12, 13], "texture": "#0"},
				"down": {"uv": [13, 13, 12.5, 13.5], "texture": "#0"}
			}
		},
		{
			"from": [9.4625, 4.90319, 10.03427],
			"to": [9.96875, 6.47819, 11.38427],
			"rotation": {"angle": -22.5, "axis": "x", "origin": [8, 8.34599, 10.30762]},
			"faces": {
				"north": {"uv": [13, 13, 13.5, 13.5], "texture": "#0"},
				"east": {"uv": [13, 0, 13.5, 0.5], "texture": "#0"},
				"south": {"uv": [13, 0.5, 13.5, 1], "texture": "#0"},
				"west": {"uv": [13, 1, 13.5, 1.5], "texture": "#0"},
				"up": {"uv": [13.5, 2, 13, 1.5], "texture": "#0"},
				"down": {"uv": [13.5, 2, 13, 2.5], "texture": "#0"}
			}
		},
		{
			"from": [9.51875, 3.77819, 10.59677],
			"to": [9.85625, 5.35319, 11.32802],
			"rotation": {"angle": -22.5, "axis": "x", "origin": [8, 8.34599, 10.30762]},
			"faces": {
				"north": {"uv": [13, 2.5, 13.5, 3], "texture": "#0"},
				"east": {"uv": [13, 3, 13.5, 3.5], "texture": "#0"},
				"south": {"uv": [13, 3.5, 13.5, 4], "texture": "#0"},
				"west": {"uv": [13, 4, 13.5, 4.5], "texture": "#0"},
				"up": {"uv": [13.5, 5, 13, 4.5], "texture": "#0"},
				"down": {"uv": [13.5, 5, 13, 5.5], "texture": "#0"}
			}
		},
		{
			"from": [9.6875, 6.28185, 7.68741],
			"to": [10.08125, 7.85685, 8.47491],
			"rotation": {"angle": -22.5, "axis": "x", "origin": [8, 8.34599, 10.30762]},
			"faces": {
				"north": {"uv": [13, 5.5, 13.5, 6], "texture": "#0"},
				"east": {"uv": [13, 6, 13.5, 6.5], "texture": "#0"},
				"south": {"uv": [13, 6.5, 13.5, 7], "texture": "#0"},
				"west": {"uv": [13, 7, 13.5, 7.5], "texture": "#0"},
				"up": {"uv": [13.5, 8, 13, 7.5], "texture": "#0"},
				"down": {"uv": [13.5, 8, 13, 8.5], "texture": "#0"}
			}
		},
		{
			"from": [9.4625, 6.91097, 6.44017],
			"to": [9.85625, 8.14847, 7.22767],
			"rotation": {"angle": -22.5, "axis": "x", "origin": [8, 8.34599, 10.30762]},
			"faces": {
				"north": {"uv": [13, 8.5, 13.5, 9], "texture": "#0"},
				"east": {"uv": [13, 9, 13.5, 9.5], "texture": "#0"},
				"south": {"uv": [13, 9.5, 13.5, 10], "texture": "#0"},
				"west": {"uv": [13, 10, 13.5, 10.5], "texture": "#0"},
				"up": {"uv": [13.5, 11, 13, 10.5], "texture": "#0"},
				"down": {"uv": [13.5, 11, 13, 11.5], "texture": "#0"}
			}
		},
		{
			"from": [9.4625, 7.54009, 5.19294],
			"to": [9.85625, 8.60884, 5.98044],
			"rotation": {"angle": -22.5, "axis": "x", "origin": [8, 8.34599, 10.30762]},
			"faces": {
				"north": {"uv": [13, 11.5, 13.5, 12], "texture": "#0"},
				"east": {"uv": [13, 12, 13.5, 12.5], "texture": "#0"},
				"south": {"uv": [13, 12.5, 13.5, 13], "texture": "#0"},
				"west": {"uv": [0, 13.5, 0.5, 14], "texture": "#0"},
				"up": {"uv": [1, 14, 0.5, 13.5], "texture": "#0"},
				"down": {"uv": [1.5, 13.5, 1, 14], "texture": "#0"}
			}
		},
		{
			"from": [9.2375, 8.11296, 3.9457],
			"to": [9.63125, 8.95671, 4.7332],
			"rotation": {"angle": -22.5, "axis": "x", "origin": [8, 8.34599, 10.30762]},
			"faces": {
				"north": {"uv": [1.5, 13.5, 2, 14], "texture": "#0"},
				"east": {"uv": [2, 13.5, 2.5, 14], "texture": "#0"},
				"south": {"uv": [2.5, 13.5, 3, 14], "texture": "#0"},
				"west": {"uv": [3, 13.5, 3.5, 14], "texture": "#0"},
				"up": {"uv": [4, 14, 3.5, 13.5], "texture": "#0"},
				"down": {"uv": [4.5, 13.5, 4, 14], "texture": "#0"}
			}
		},
		{
			"from": [9.6875, 8.25452, 7.55056],
			"to": [9.8, 8.81702, 7.83181],
			"rotation": {"angle": -22.5, "axis": "x", "origin": [8, 8.34599, 10.30762]},
			"faces": {
				"north": {"uv": [4.5, 13.5, 5, 14], "texture": "#0"},
				"east": {"uv": [5, 13.5, 5.5, 14], "texture": "#0"},
				"south": {"uv": [5.5, 13.5, 6, 14], "texture": "#0"},
				"west": {"uv": [6, 13.5, 6.5, 14], "texture": "#0"},
				"up": {"uv": [7, 14, 6.5, 13.5], "texture": "#0"},
				"down": {"uv": [7.5, 13.5, 7, 14], "texture": "#0"}
			}
		},
		{
			"from": [9.6875, 8.59894, 6.71907],
			"to": [9.8, 9.16144, 7.00032],
			"rotation": {"angle": -22.5, "axis": "x", "origin": [8, 8.34599, 10.30762]},
			"faces": {
				"north": {"uv": [7.5, 13.5, 8, 14], "texture": "#0"},
				"east": {"uv": [8, 13.5, 8.5, 14], "texture": "#0"},
				"south": {"uv": [8.5, 13.5, 9, 14], "texture": "#0"},
				"west": {"uv": [9, 13.5, 9.5, 14], "texture": "#0"},
				"up": {"uv": [10, 14, 9.5, 13.5], "texture": "#0"},
				"down": {"uv": [10.5, 13.5, 10, 14], "texture": "#0"}
			}
		},
		{
			"from": [9.6875, 8.94335, 5.88758],
			"to": [9.8, 9.50585, 6.16883],
			"rotation": {"angle": -22.5, "axis": "x", "origin": [8, 8.34599, 10.30762]},
			"faces": {
				"north": {"uv": [10.5, 13.5, 11, 14], "texture": "#0"},
				"east": {"uv": [11, 13.5, 11.5, 14], "texture": "#0"},
				"south": {"uv": [11.5, 13.5, 12, 14], "texture": "#0"},
				"west": {"uv": [12, 13.5, 12.5, 14], "texture": "#0"},
				"up": {"uv": [13, 14, 12.5, 13.5], "texture": "#0"},
				"down": {"uv": [13.5, 13.5, 13, 14], "texture": "#0"}
			}
		},
		{
			"from": [9.6875, 9.28777, 5.05609],
			"to": [9.8, 9.85027, 5.33734],
			"rotation": {"angle": -22.5, "axis": "x", "origin": [8, 8.34599, 10.30762]},
			"faces": {
				"north": {"uv": [13.5, 13.5, 14, 14], "texture": "#0"},
				"east": {"uv": [13.5, 0, 14, 0.5], "texture": "#0"},
				"south": {"uv": [13.5, 0.5, 14, 1], "texture": "#0"},
				"west": {"uv": [13.5, 1, 14, 1.5], "texture": "#0"},
				"up": {"uv": [14, 2, 13.5, 1.5], "texture": "#0"},
				"down": {"uv": [14, 2, 13.5, 2.5], "texture": "#0"}
			}
		},
		{
			"from": [9.2375, 9.54608, 4.43247],
			"to": [9.35, 9.88358, 4.71372],
			"rotation": {"angle": -22.5, "axis": "x", "origin": [8, 8.34599, 10.30762]},
			"faces": {
				"north": {"uv": [13.5, 2.5, 14, 3], "texture": "#0"},
				"east": {"uv": [13.5, 3, 14, 3.5], "texture": "#0"},
				"south": {"uv": [13.5, 3.5, 14, 4], "texture": "#0"},
				"west": {"uv": [13.5, 4, 14, 4.5], "texture": "#0"},
				"up": {"uv": [14, 5, 13.5, 4.5], "texture": "#0"},
				"down": {"uv": [14, 5, 13.5, 5.5], "texture": "#0"}
			}
		},
		{
			"from": [9.2375, 9.89049, 3.60098],
			"to": [9.35, 10.22799, 3.88223],
			"rotation": {"angle": -22.5, "axis": "x", "origin": [8, 8.34599, 10.30762]},
			"faces": {
				"north": {"uv": [13.5, 5.5, 14, 6], "texture": "#0"},
				"east": {"uv": [13.5, 6, 14, 6.5], "texture": "#0"},
				"south": {"uv": [13.5, 6.5, 14, 7], "texture": "#0"},
				"west": {"uv": [13.5, 7, 14, 7.5], "texture": "#0"},
				"up": {"uv": [14, 8, 13.5, 7.5], "texture": "#0"},
				"down": {"uv": [14, 8, 13.5, 8.5], "texture": "#0"}
			}
		},
		{
			"from": [6.48125, 6.80315, 7.18823],
			"to": [6.59375, 10.40315, 9.88823],
			"rotation": {"angle": 0, "axis": "x", "origin": [8, 8.34599, 10.30762]},
			"faces": {
				"north": {"uv": [0, 9.5, 0.5, 10.5], "texture": "#0"},
				"east": {"uv": [6, 5, 7, 6], "texture": "#0"},
				"south": {"uv": [9.5, 1, 10, 2], "texture": "#0"},
				"west": {"uv": [6.5, 1, 7.5, 2], "texture": "#0"},
				"up": {"uv": [10, 5, 9.5, 4], "texture": "#0"},
				"down": {"uv": [10, 8.5, 9.5, 9.5], "texture": "#0"}
			}
		},
		{
			"from": [9.40625, 6.80315, 7.18823],
			"to": [9.51875, 10.40315, 9.88823],
			"rotation": {"angle": 0, "axis": "x", "origin": [8, 8.34599, 10.30762]},
			"faces": {
				"north": {"uv": [0.5, 10, 1, 11], "texture": "#0"},
				"east": {"uv": [6.5, 2, 7.5, 3], "texture": "#0"},
				"south": {"uv": [1, 10, 1.5, 11], "texture": "#0"},
				"west": {"uv": [0, 7, 1, 8], "texture": "#0"},
				"up": {"uv": [2, 11, 1.5, 10], "texture": "#0"},
				"down": {"uv": [2.5, 10, 2, 11], "texture": "#0"}
			}
		},
		{
			"from": [7.1, 8.04065, 5.83823],
			"to": [8.9, 8.71565, 8.53823],
			"rotation": {"angle": 0, "axis": "x", "origin": [8, 8.34599, 10.30762]},
			"faces": {
				"north": {"uv": [13.5, 8.5, 14, 9], "texture": "#0"},
				"east": {"uv": [9.5, 0, 10.5, 0.5], "texture": "#0"},
				"south": {"uv": [13.5, 9, 14, 9.5], "texture": "#0"},
				"west": {"uv": [9.5, 7, 10.5, 7.5], "texture": "#0"},
				"up": {"uv": [3, 11, 2.5, 10], "texture": "#0"},
				"down": {"uv": [3.5, 10, 3, 11], "texture": "#0"}
			}
		},
		{
			"from": [7.325, 9.74856, 5.06575],
			"to": [8.675, 10.36731, 6.30325],
			"rotation": {"angle": -22.5, "axis": "x", "origin": [8, 8.34599, 10.30762]},
			"faces": {
				"north": {"uv": [13.5, 9.5, 14, 10], "texture": "#0"},
				"east": {"uv": [13.5, 10, 14, 10.5], "texture": "#0"},
				"south": {"uv": [13.5, 10.5, 14, 11], "texture": "#0"},
				"west": {"uv": [13.5, 11, 14, 11.5], "texture": "#0"},
				"up": {"uv": [14, 12, 13.5, 11.5], "texture": "#0"},
				"down": {"uv": [14, 12, 13.5, 12.5], "texture": "#0"}
			}
		},
		{
			"from": [7.55, 9.86106, 4.39075],
			"to": [8.45, 10.25481, 5.17825],
			"rotation": {"angle": -22.5, "axis": "x", "origin": [8, 8.34599, 10.30762]},
			"faces": {
				"north": {"uv": [13.5, 12.5, 14, 13], "texture": "#0"},
				"east": {"uv": [13.5, 13, 14, 13.5], "texture": "#0"},
				"south": {"uv": [0, 14, 0.5, 14.5], "texture": "#0"},
				"west": {"uv": [0.5, 14, 1, 14.5], "texture": "#0"},
				"up": {"uv": [1.5, 14.5, 1, 14], "texture": "#0"},
				"down": {"uv": [2, 14, 1.5, 14.5], "texture": "#0"}
			}
		}
	],
	"display": {
		"head": {
			"translation": [0, -4, -7.25],
			"scale": [4, 4, 4]
		}
	},
	"groups": [
		{
			"name": "root_normal",
			"origin": [8, 8, 8],
			"children": [
				{
					"name": "head",
					"origin": [8, 8, 8],
					"children": [
						{
							"name": "lower",
							"origin": [8, 8, 8],
							"children": [0, 1, 2, 3, 4,
								{
									"name": "group",
									"origin": [8, 10.825, -11],
									"children": [5, 6, 7, 8]
								},
								{
									"name": "group",
									"origin": [8, 10.825, -11],
									"children": [9, 10, 11, 12]
								},
								{
									"name": "kazari_l",
									"origin": [15, 18.3, 1.6],
									"children": [
										{
											"name": "group",
											"origin": [7.975, 11.1375, -7.175],
											"children": [13, 14, 15, 16]
										},
										{
											"name": "group",
											"origin": [15, 18.3, 1.6],
											"children": [17, 18, 19]
										},
										{
											"name": "group",
											"origin": [7.35, 10.175, -10.05],
											"children": [20, 21, 22, 23]
										},
										{
											"name": "group",
											"origin": [7.15, 10.675, -8.95],
											"children": [24, 25, 26, 27, 28, 29]
										}
									]
								},
								{
									"name": "kazari_r",
									"origin": [15, 18.3, 1.6],
									"children": [
										{
											"name": "group",
											"origin": [7.975, 11.1375, -7.175],
											"children": [30, 31, 32, 33]
										},
										{
											"name": "group",
											"origin": [15, 18.3, 1.6],
											"children": [34, 35, 36]
										},
										{
											"name": "group",
											"origin": [7.35, 10.175, -10.05],
											"children": [37, 38, 39, 40]
										},
										{
											"name": "group",
											"origin": [7.15, 10.675, -8.95],
											"children": [41, 42, 43, 44, 45, 46]
										}
									]
								}, 47, 48, 49, 50, 51]
						}
					]
				}
			]
		}
	]
}