{
	"credit": "Made with Blockbench",
	"texture_size": [32, 32],
	"textures": {
		"0": "zinogre/head",
		"particle": "zinogre/head"
	},
	"elements": [
		{
			"from": [5.51234, 9.51851, 9.13332],
			"to": [9.65234, 12.03851, 14.44332],
			"rotation": {"angle": 0, "axis": "y", "origin": [7.58234, 10.64351, 9.40332]},
			"faces": {
				"north": {"uv": [14, 1, 11.5, 3.5], "texture": "#0"},
				"east": {"uv": [14, 1, 11.5, 3.5], "texture": "#0"},
				"south": {"uv": [14, 1, 11.5, 3.5], "texture": "#0"},
				"west": {"uv": [14, 1, 11.5, 3.5], "texture": "#0"},
				"up": {"uv": [14, 1, 11.5, 3.5], "texture": "#0"},
				"down": {"uv": [14, 1, 11.5, 3.5], "texture": "#0"}
			}
		},
		{
			"from": [5.69234, 9.56351, 7.78332],
			"to": [9.47234, 11.58851, 9.94332],
			"rotation": {"angle": 0, "axis": "y", "origin": [7.58234, 10.64351, 9.40332]},
			"faces": {
				"north": {"uv": [14, 1, 11.5, 3.5], "texture": "#0"},
				"east": {"uv": [14, 1, 11.5, 3.5], "texture": "#0"},
				"south": {"uv": [14, 1, 11.5, 3.5], "texture": "#0"},
				"west": {"uv": [14, 1, 11.5, 3.5], "texture": "#0"},
				"up": {"uv": [14, 1, 11.5, 3.5], "texture": "#0"},
				"down": {"uv": [14, 1, 11.5, 3.5], "texture": "#0"}
			}
		},
		{
			"from": [5.24234, 9.69851, 6.88332],
			"to": [6.68234, 11.13851, 8.59332],
			"rotation": {"angle": 0, "axis": "y", "origin": [5.96234, 10.64351, 6.70332]},
			"faces": {
				"north": {"uv": [14, 1, 11.5, 3.5], "texture": "#0"},
				"east": {"uv": [14, 1, 11.5, 3.5], "texture": "#0"},
				"south": {"uv": [14, 1, 11.5, 3.5], "texture": "#0"},
				"west": {"uv": [14, 1, 11.5, 3.5], "texture": "#0"},
				"up": {"uv": [14, 1, 11.5, 3.5], "texture": "#0"},
				"down": {"uv": [14, 1, 11.5, 3.5], "texture": "#0"}
			}
		},
		{
			"from": [5.42234, 9.87851, 5.62332],
			"to": [6.50234, 10.95851, 7.15332],
			"rotation": {"angle": 0, "axis": "y", "origin": [5.96234, 10.64351, 5.26332]},
			"faces": {
				"north": {"uv": [7, 10, 4, 10.5], "texture": "#0"},
				"east": {"uv": [7, 10, 4, 10.5], "texture": "#0"},
				"south": {"uv": [7, 10, 4, 10.5], "texture": "#0"},
				"west": {"uv": [7, 10, 4, 10.5], "texture": "#0"},
				"up": {"uv": [7, 10, 4, 10.5], "texture": "#0"},
				"down": {"uv": [7, 10, 4, 10.5], "texture": "#0"}
			}
		},
		{
			"from": [5.60234, 9.33851, 5.26332],
			"to": [6.32234, 10.41851, 6.07332],
			"rotation": {"angle": -45, "axis": "x", "origin": [5.96234, 10.10351, 5.26332]},
			"faces": {
				"north": {"uv": [7, 10, 4, 10.5], "texture": "#0"},
				"east": {"uv": [7, 10, 4, 10.5], "texture": "#0"},
				"south": {"uv": [7, 10, 4, 10.5], "texture": "#0"},
				"west": {"uv": [7, 10, 4, 10.5], "texture": "#0"},
				"up": {"uv": [7, 10, 4, 10.5], "texture": "#0"},
				"down": {"uv": [7, 10, 4, 10.5], "texture": "#0"}
			}
		},
		{
			"from": [5.78234, 9.74351, 5.12832],
			"to": [6.14234, 10.37351, 5.84832],
			"rotation": {"angle": 22.5, "axis": "x", "origin": [5.96234, 10.10351, 5.26332]},
			"faces": {
				"north": {"uv": [4, 10.5, 7, 10], "rotation": 270, "texture": "#0"},
				"east": {"uv": [4, 10.5, 7, 10], "rotation": 270, "texture": "#0"},
				"south": {"uv": [4, 10.5, 7, 10], "rotation": 270, "texture": "#0"},
				"west": {"uv": [4, 10.5, 7, 10], "rotation": 270, "texture": "#0"},
				"up": {"uv": [4, 10.5, 7, 10], "rotation": 270, "texture": "#0"},
				"down": {"uv": [4, 10.5, 7, 10], "rotation": 270, "texture": "#0"}
			}
		},
		{
			"from": [6.86234, 9.69851, 6.88332],
			"to": [8.30234, 11.13851, 8.59332],
			"rotation": {"angle": 0, "axis": "y", "origin": [7.58234, 10.64351, 6.70332]},
			"faces": {
				"north": {"uv": [14, 1, 11.5, 3.5], "texture": "#0"},
				"east": {"uv": [14, 1, 11.5, 3.5], "texture": "#0"},
				"south": {"uv": [14, 1, 11.5, 3.5], "texture": "#0"},
				"west": {"uv": [14, 1, 11.5, 3.5], "texture": "#0"},
				"up": {"uv": [14, 1, 11.5, 3.5], "texture": "#0"},
				"down": {"uv": [14, 1, 11.5, 3.5], "texture": "#0"}
			}
		},
		{
			"from": [7.04234, 9.87851, 5.62332],
			"to": [8.12234, 10.95851, 7.15332],
			"rotation": {"angle": 0, "axis": "y", "origin": [7.58234, 10.64351, 5.26332]},
			"faces": {
				"north": {"uv": [7, 10, 4, 10.5], "texture": "#0"},
				"east": {"uv": [7, 10, 4, 10.5], "texture": "#0"},
				"south": {"uv": [7, 10, 4, 10.5], "texture": "#0"},
				"west": {"uv": [7, 10, 4, 10.5], "texture": "#0"},
				"up": {"uv": [7, 10, 4, 10.5], "texture": "#0"},
				"down": {"uv": [7, 10, 4, 10.5], "texture": "#0"}
			}
		},
		{
			"from": [7.22234, 9.33851, 5.26332],
			"to": [7.94234, 10.41851, 6.07332],
			"rotation": {"angle": -45, "axis": "x", "origin": [7.58234, 10.10351, 5.26332]},
			"faces": {
				"north": {"uv": [7, 10, 4, 10.5], "texture": "#0"},
				"east": {"uv": [7, 10, 4, 10.5], "texture": "#0"},
				"south": {"uv": [7, 10, 4, 10.5], "texture": "#0"},
				"west": {"uv": [7, 10, 4, 10.5], "texture": "#0"},
				"up": {"uv": [7, 10, 4, 10.5], "texture": "#0"},
				"down": {"uv": [7, 10, 4, 10.5], "texture": "#0"}
			}
		},
		{
			"from": [7.40234, 9.74351, 5.12832],
			"to": [7.76234, 10.37351, 5.84832],
			"rotation": {"angle": 22.5, "axis": "x", "origin": [7.58234, 10.10351, 5.26332]},
			"faces": {
				"north": {"uv": [4, 10.5, 7, 10], "rotation": 270, "texture": "#0"},
				"east": {"uv": [4, 10.5, 7, 10], "rotation": 270, "texture": "#0"},
				"south": {"uv": [4, 10.5, 7, 10], "rotation": 270, "texture": "#0"},
				"west": {"uv": [4, 10.5, 7, 10], "rotation": 270, "texture": "#0"},
				"up": {"uv": [4, 10.5, 7, 10], "rotation": 270, "texture": "#0"},
				"down": {"uv": [4, 10.5, 7, 10], "rotation": 270, "texture": "#0"}
			}
		},
		{
			"from": [8.48234, 9.69851, 6.88332],
			"to": [9.92234, 11.13851, 8.59332],
			"rotation": {"angle": 0, "axis": "y", "origin": [9.20234, 10.64351, 6.70332]},
			"faces": {
				"north": {"uv": [14, 1, 11.5, 3.5], "texture": "#0"},
				"east": {"uv": [14, 1, 11.5, 3.5], "texture": "#0"},
				"south": {"uv": [14, 1, 11.5, 3.5], "texture": "#0"},
				"west": {"uv": [14, 1, 11.5, 3.5], "texture": "#0"},
				"up": {"uv": [14, 1, 11.5, 3.5], "texture": "#0"},
				"down": {"uv": [14, 1, 11.5, 3.5], "texture": "#0"}
			}
		},
		{
			"from": [8.66234, 9.87851, 5.62332],
			"to": [9.74234, 10.95851, 7.15332],
			"rotation": {"angle": 0, "axis": "y", "origin": [9.20234, 10.64351, 5.26332]},
			"faces": {
				"north": {"uv": [7, 10, 4, 10.5], "texture": "#0"},
				"east": {"uv": [7, 10, 4, 10.5], "texture": "#0"},
				"south": {"uv": [7, 10, 4, 10.5], "texture": "#0"},
				"west": {"uv": [7, 10, 4, 10.5], "texture": "#0"},
				"up": {"uv": [7, 10, 4, 10.5], "texture": "#0"},
				"down": {"uv": [7, 10, 4, 10.5], "texture": "#0"}
			}
		},
		{
			"from": [8.84234, 9.33851, 5.26332],
			"to": [9.56234, 10.41851, 6.07332],
			"rotation": {"angle": -45, "axis": "x", "origin": [9.20234, 10.10351, 5.26332]},
			"faces": {
				"north": {"uv": [7, 10, 4, 10.5], "texture": "#0"},
				"east": {"uv": [7, 10, 4, 10.5], "texture": "#0"},
				"south": {"uv": [7, 10, 4, 10.5], "texture": "#0"},
				"west": {"uv": [7, 10, 4, 10.5], "texture": "#0"},
				"up": {"uv": [7, 10, 4, 10.5], "texture": "#0"},
				"down": {"uv": [7, 10, 4, 10.5], "texture": "#0"}
			}
		},
		{
			"from": [9.02234, 9.74351, 5.12832],
			"to": [9.38234, 10.37351, 5.84832],
			"rotation": {"angle": 22.5, "axis": "x", "origin": [9.20234, 10.10351, 5.26332]},
			"faces": {
				"north": {"uv": [4, 10.5, 7, 10], "rotation": 270, "texture": "#0"},
				"east": {"uv": [4, 10.5, 7, 10], "rotation": 270, "texture": "#0"},
				"south": {"uv": [4, 10.5, 7, 10], "rotation": 270, "texture": "#0"},
				"west": {"uv": [4, 10.5, 7, 10], "rotation": 270, "texture": "#0"},
				"up": {"uv": [4, 10.5, 7, 10], "rotation": 270, "texture": "#0"},
				"down": {"uv": [4, 10.5, 7, 10], "rotation": 270, "texture": "#0"}
			}
		},
		{
			"from": [9.38234, 9.74351, 8.14332],
			"to": [10.64234, 10.95851, 9.85332],
			"rotation": {"angle": -22.5, "axis": "y", "origin": [10.10234, 10.41851, 8.99832]},
			"faces": {
				"north": {"uv": [14, 1, 11.5, 3.5], "texture": "#0"},
				"east": {"uv": [14, 1, 11.5, 3.5], "texture": "#0"},
				"south": {"uv": [14, 1, 11.5, 3.5], "texture": "#0"},
				"west": {"uv": [14, 1, 11.5, 3.5], "texture": "#0"},
				"up": {"uv": [14, 1, 11.5, 3.5], "texture": "#0"},
				"down": {"uv": [14, 1, 11.5, 3.5], "texture": "#0"}
			}
		},
		{
			"from": [10.10234, 9.69438, 7.10941],
			"to": [10.64234, 11.22438, 7.96441],
			"rotation": {"angle": -45, "axis": "x", "origin": [10.37234, 11.25762, 7.41113]},
			"faces": {
				"north": {"uv": [4, 10.5, 7, 10], "rotation": 90, "texture": "#0"},
				"east": {"uv": [4, 10.5, 7, 10], "rotation": 90, "texture": "#0"},
				"south": {"uv": [4, 10.5, 7, 10], "rotation": 90, "texture": "#0"},
				"west": {"uv": [4, 10.5, 7, 10], "rotation": 90, "texture": "#0"},
				"up": {"uv": [4, 10.5, 7, 10], "rotation": 90, "texture": "#0"},
				"down": {"uv": [4, 10.5, 7, 10], "rotation": 90, "texture": "#0"}
			}
		},
		{
			"from": [10.19234, 11.04851, 6.88332],
			"to": [10.55234, 11.99351, 7.69332],
			"rotation": {"angle": 22.5, "axis": "x", "origin": [10.37234, 11.25762, 7.41113]},
			"faces": {
				"north": {"uv": [7, 10, 4, 10.5], "texture": "#0"},
				"east": {"uv": [7, 10, 4, 10.5], "texture": "#0"},
				"south": {"uv": [7, 10, 4, 10.5], "texture": "#0"},
				"west": {"uv": [7, 10, 4, 10.5], "texture": "#0"},
				"up": {"uv": [7, 10, 4, 10.5], "texture": "#0"},
				"down": {"uv": [7, 10, 4, 10.5], "texture": "#0"}
			}
		},
		{
			"from": [10.28234, 11.09351, 6.52332],
			"to": [10.46234, 11.72351, 6.97332],
			"rotation": {"angle": 22.5, "axis": "x", "origin": [10.37234, 11.25762, 7.41113]},
			"faces": {
				"north": {"uv": [7, 10, 4, 10.5], "texture": "#0"},
				"east": {"uv": [7, 10, 4, 10.5], "texture": "#0"},
				"south": {"uv": [7, 10, 4, 10.5], "texture": "#0"},
				"west": {"uv": [7, 10, 4, 10.5], "texture": "#0"},
				"up": {"uv": [7, 10, 4, 10.5], "texture": "#0"},
				"down": {"uv": [7, 10, 4, 10.5], "texture": "#0"}
			}
		},
		{
			"from": [10.32734, 11.49851, 6.20832],
			"to": [10.41734, 11.90351, 6.97332],
			"rotation": {"angle": 0, "axis": "y", "origin": [10.37234, 11.43762, 7.41113]},
			"faces": {
				"north": {"uv": [7, 10, 4, 10.5], "texture": "#0"},
				"east": {"uv": [7, 10, 4, 10.5], "texture": "#0"},
				"south": {"uv": [7, 10, 4, 10.5], "texture": "#0"},
				"west": {"uv": [7, 10, 4, 10.5], "texture": "#0"},
				"up": {"uv": [7, 10, 4, 10.5], "texture": "#0"},
				"down": {"uv": [7, 10, 4, 10.5], "texture": "#0"}
			}
		},
		{
			"from": [6.41234, 9.69851, 13.07832],
			"to": [8.90234, 12.08351, 15.89832],
			"rotation": {"angle": -22.5, "axis": "x", "origin": [7.58234, 12.71351, 11.95332]},
			"faces": {
				"north": {"uv": [11.75, 14, 8.5, 16], "rotation": 180, "texture": "#0"},
				"east": {"uv": [8.5, 16, 11.75, 14], "rotation": 90, "texture": "#0"},
				"south": {"uv": [11.75, 14, 8.5, 16], "texture": "#0"},
				"west": {"uv": [8.5, 16, 11.75, 14], "rotation": 270, "texture": "#0"},
				"up": {"uv": [11.75, 14, 8.5, 16], "rotation": 180, "texture": "#0"},
				"down": {"uv": [11.75, 14, 8.5, 16], "texture": "#0"}
			}
		}
	],
	"display": {
		"head": {
			"translation": [1.75, -15.5, -21.5],
			"scale": [4, 4, 4]
		}
	},
	"groups": [
		{
			"name": "root_normal",
			"origin": [8, 8, 8],
			"children": [
				{
					"name": "leg_l",
					"origin": [8, 8, 8],
					"children": [
						{
							"name": "2",
							"origin": [8, 8, 8],
							"children": [0, 1,
								{
									"name": "group",
									"origin": [4.5, 0.125, 5.1],
									"children": [2, 3, 4, 5]
								},
								{
									"name": "group",
									"origin": [4.5, 0.125, 5.1],
									"children": [6, 7, 8, 9]
								},
								{
									"name": "group",
									"origin": [4.5, 0.125, 5.1],
									"children": [10, 11, 12, 13]
								},
								{
									"name": "group",
									"origin": [2.9, 0, 4.975],
									"children": [14, 15, 16, 17, 18]
								}, 19]
						}
					]
				}
			]
		}
	]
}