{
	"credit": "Made with Blockbench",
	"texture_size": [32, 32],
	"textures": {
		"0": "zinogre/head",
		"1": "zinogre/thunder",
		"particle": "zinogre/head"
	},
	"elements": [
		{
			"from": [6.31111, 6.67547, 3.57937],
			"to": [9.68611, 9.86297, 7.32937],
			"rotation": {"angle": 0, "axis": "y", "origin": [7.99861, 7.39951, 8.70421]},
			"faces": {
				"north": {"uv": [0.25, 0.75, 1.75, 2.75], "texture": "#0"},
				"east": {"uv": [0.25, 0.75, 1.75, 2.75], "texture": "#0"},
				"south": {"uv": [0.25, 0.75, 1.75, 2.75], "texture": "#0"},
				"west": {"uv": [0.25, 0.75, 1.75, 2.75], "texture": "#0"},
				"up": {"uv": [0.25, 0.75, 1.75, 2.75], "texture": "#0"},
				"down": {"uv": [0.25, 0.75, 1.75, 2.75], "texture": "#0"}
			}
		},
		{
			"from": [6.83611, 5.92547, 3.57937],
			"to": [9.16111, 6.71297, 7.32937],
			"rotation": {"angle": 0, "axis": "y", "origin": [7.99861, 7.39951, 8.70421]},
			"faces": {
				"north": {"uv": [4, 10, 7, 10.5], "texture": "#0"},
				"east": {"uv": [4, 10, 7, 10.5], "texture": "#0"},
				"south": {"uv": [4, 10, 7, 10.5], "texture": "#0"},
				"west": {"uv": [4, 10, 7, 10.5], "texture": "#0"},
				"up": {"uv": [4, 10, 7, 10.5], "texture": "#0"},
				"down": {"uv": [2.25, 14, 5.5, 16], "rotation": 270, "texture": "#0"}
			}
		},
		{
			"from": [6.76111, 9.82547, 3.57937],
			"to": [7.58611, 10.61297, 7.32937],
			"rotation": {"angle": 0, "axis": "y", "origin": [7.99861, 7.39951, 8.70421]},
			"faces": {
				"north": {"uv": [14.5, 0, 14, 0.5], "texture": "#0"},
				"east": {"uv": [15, 0, 14, 4.25], "rotation": 90, "texture": "#0"},
				"south": {"uv": [14, 0, 14.5, 0.5], "texture": "#0"},
				"west": {"uv": [14, 0, 15, 4.25], "rotation": 90, "texture": "#0"},
				"up": {"uv": [15, 0, 14.5, 4.25], "texture": "#0"},
				"down": {"uv": [14.5, 0, 14, 4.25], "texture": "#0"}
			}
		},
		{
			"from": [6.91111, 10.42547, 5.45437],
			"to": [7.43611, 11.81297, 6.20437],
			"rotation": {"angle": -22.5, "axis": "x", "origin": [7.17361, 11.11922, 5.82937]},
			"faces": {
				"north": {"uv": [14, 0, 14.5, 0.5], "rotation": 90, "texture": "#0"},
				"east": {"uv": [14, 0, 14.5, 0.5], "rotation": 90, "texture": "#0"},
				"south": {"uv": [14, 0, 14.5, 0.5], "rotation": 90, "texture": "#0"},
				"west": {"uv": [14, 0, 14.5, 0.5], "rotation": 90, "texture": "#0"},
				"up": {"uv": [14, 0, 14.5, 0.5], "rotation": 90, "texture": "#0"},
				"down": {"uv": [14, 0, 14.5, 0.5], "rotation": 90, "texture": "#0"}
			}
		},
		{
			"from": [8.56079, 10.42547, 5.45437],
			"to": [9.08579, 11.81297, 6.20437],
			"rotation": {"angle": -22.5, "axis": "x", "origin": [8.82329, 11.11922, 5.82937]},
			"faces": {
				"north": {"uv": [14, 0.5, 14.5, 0], "rotation": 90, "texture": "#0"},
				"east": {"uv": [14, 0.5, 14.5, 0], "rotation": 90, "texture": "#0"},
				"south": {"uv": [14, 0.5, 14.5, 0], "rotation": 90, "texture": "#0"},
				"west": {"uv": [14, 0.5, 14.5, 0], "rotation": 90, "texture": "#0"},
				"up": {"uv": [14, 0.5, 14.5, 0], "rotation": 90, "texture": "#0"},
				"down": {"uv": [14, 0.5, 14.5, 0], "rotation": 90, "texture": "#0"}
			}
		},
		{
			"from": [8.41111, 9.82547, 3.57937],
			"to": [9.23611, 10.61297, 7.32937],
			"rotation": {"angle": 0, "axis": "y", "origin": [7.99861, 7.39951, 8.70421]},
			"faces": {
				"north": {"uv": [14.5, 0, 14, 0.5], "texture": "#0"},
				"east": {"uv": [15, 0, 14, 4.25], "rotation": 90, "texture": "#0"},
				"south": {"uv": [14, 0, 14.5, 0.5], "texture": "#0"},
				"west": {"uv": [14, 0, 15, 4.25], "rotation": 90, "texture": "#0"},
				"up": {"uv": [15, 0, 14.5, 4.25], "texture": "#0"},
				"down": {"uv": [14.5, 0, 14, 4.25], "texture": "#0"}
			}
		},
		{
			"from": [6.01111, 7.12547, 3.57937],
			"to": [9.98611, 8.58797, 7.47937],
			"rotation": {"angle": 0, "axis": "y", "origin": [7.99861, 7.77451, 8.70421]},
			"faces": {
				"north": {"uv": [11.75, 14, 15, 16], "rotation": 270, "texture": "#0"},
				"east": {"uv": [11.75, 14, 15, 16], "rotation": 270, "texture": "#0"},
				"south": {"uv": [11.75, 14, 15, 16], "rotation": 270, "texture": "#0"},
				"west": {"uv": [11.75, 14, 15, 16], "rotation": 270, "texture": "#0"},
				"up": {"uv": [11.75, 14, 15, 16], "texture": "#0"},
				"down": {"uv": [11.75, 14, 15, 16], "rotation": 180, "texture": "#0"}
			}
		},
		{
			"from": [6.16111, 8.62547, 3.72937],
			"to": [9.83611, 9.93797, 7.47937],
			"rotation": {"angle": 0, "axis": "y", "origin": [7.99861, 7.77451, 8.70421]},
			"faces": {
				"north": {"uv": [11.75, 14, 15, 16], "rotation": 270, "texture": "#0"},
				"east": {"uv": [11.75, 14, 15, 16], "rotation": 270, "texture": "#0"},
				"south": {"uv": [11.75, 14, 15, 16], "rotation": 270, "texture": "#0"},
				"west": {"uv": [11.75, 14, 15, 16], "rotation": 270, "texture": "#0"},
				"up": {"uv": [11.75, 14, 15, 16], "texture": "#0"},
				"down": {"uv": [11.75, 14, 15, 16], "rotation": 270, "texture": "#0"}
			}
		},
		{
			"from": [6.46981, 9.95031, 3.9186],
			"to": [6.48901, 14.01531, 7.6686],
			"rotation": {"angle": 0, "axis": "y", "origin": [6.47941, 11.23281, 5.7936]},
			"faces": {
				"east": {"uv": [0, 6, 16, 16], "texture": "#1"},
				"west": {"uv": [0, 6, 16, 16], "texture": "#1"}
			}
		},
		{
			"from": [9.50789, 9.95031, 3.9186],
			"to": [9.52709, 14.01531, 7.6686],
			"rotation": {"angle": 0, "axis": "y", "origin": [9.51749, 11.23281, 5.7936]},
			"faces": {
				"east": {"uv": [16, 6, 0, 16], "texture": "#1"},
				"west": {"uv": [16, 6, 0, 16], "texture": "#1"}
			}
		}
	],
	"display": {
		"head": {
			"translation": [0, -8.25, 6],
			"scale": [4, 4, 4]
		}
	},
	"groups": [
		{
			"name": "root_normal",
			"origin": [8, 8, 8],
			"children": []
		},
		{
			"name": "root_thunder",
			"origin": [8, 8, 8],
			"children": [
				{
					"name": "neck",
					"origin": [8, 8, 8],
					"children": [
						{
							"name": "0",
							"origin": [8, 8, 8],
							"children": [0, 1,
								{
									"name": "group",
									"origin": [8, 8, 8],
									"children": [2, 3, 4, 5]
								}, 6, 7, 8, 9]
						}
					]
				}
			]
		}
	]
}