{
	"credit": "Made with Blockbench",
	"texture_size": [32, 32],
	"textures": {
		"0": "zinogre/head",
		"particle": "zinogre/head"
	},
	"elements": [
		{
			"from": [6.31111, 6.67547, 3.57937],
			"to": [9.68611, 9.86297, 7.32937],
			"rotation": {"angle": 0, "axis": "y", "origin": [7.99861, 7.39951, 8.70421]},
			"faces": {
				"north": {"uv": [0.25, 0.75, 1.75, 2.75], "texture": "#0"},
				"east": {"uv": [0.25, 0.75, 1.75, 2.75], "texture": "#0"},
				"south": {"uv": [0.25, 0.75, 1.75, 2.75], "texture": "#0"},
				"west": {"uv": [0.25, 0.75, 1.75, 2.75], "texture": "#0"},
				"up": {"uv": [0.25, 0.75, 1.75, 2.75], "texture": "#0"},
				"down": {"uv": [0.25, 0.75, 1.75, 2.75], "texture": "#0"}
			}
		},
		{
			"from": [6.83611, 5.92547, 3.57937],
			"to": [9.16111, 6.71297, 7.32937],
			"rotation": {"angle": 0, "axis": "y", "origin": [7.99861, 7.39951, 8.70421]},
			"faces": {
				"north": {"uv": [4, 10, 7, 10.5], "texture": "#0"},
				"east": {"uv": [4, 10, 7, 10.5], "texture": "#0"},
				"south": {"uv": [4, 10, 7, 10.5], "texture": "#0"},
				"west": {"uv": [4, 10, 7, 10.5], "texture": "#0"},
				"up": {"uv": [4, 10, 7, 10.5], "texture": "#0"},
				"down": {"uv": [4, 10, 7, 10.5], "texture": "#0"}
			}
		},
		{
			"from": [6.76111, 9.82547, 3.57937],
			"to": [7.58611, 10.61297, 7.32937],
			"rotation": {"angle": 0, "axis": "y", "origin": [7.99861, 7.39951, 8.70421]},
			"faces": {
				"north": {"uv": [14.5, 0, 14, 0.5], "texture": "#0"},
				"east": {"uv": [15, 0, 14, 4.25], "rotation": 90, "texture": "#0"},
				"south": {"uv": [14, 0, 14.5, 0.5], "texture": "#0"},
				"west": {"uv": [14, 0, 15, 4.25], "rotation": 90, "texture": "#0"},
				"up": {"uv": [15, 0, 14.5, 4.25], "texture": "#0"},
				"down": {"uv": [14.5, 0, 14, 4.25], "texture": "#0"}
			}
		},
		{
			"from": [8.41111, 9.82547, 3.57937],
			"to": [9.23611, 10.61297, 7.32937],
			"rotation": {"angle": 0, "axis": "y", "origin": [7.99861, 7.39951, 8.70421]},
			"faces": {
				"north": {"uv": [14.5, 0, 14, 0.5], "texture": "#0"},
				"east": {"uv": [15, 0, 14, 4.25], "rotation": 90, "texture": "#0"},
				"south": {"uv": [14, 0, 14.5, 0.5], "texture": "#0"},
				"west": {"uv": [14, 0, 15, 4.25], "rotation": 90, "texture": "#0"},
				"up": {"uv": [15, 0, 14.5, 4.25], "texture": "#0"},
				"down": {"uv": [14.5, 0, 14, 4.25], "texture": "#0"}
			}
		},
		{
			"from": [6.01111, 7.12547, 3.57937],
			"to": [9.98611, 8.58797, 7.47937],
			"rotation": {"angle": 0, "axis": "y", "origin": [7.99861, 7.77451, 8.70421]},
			"faces": {
				"north": {"uv": [8.5, 14, 11.75, 16], "rotation": 270, "texture": "#0"},
				"east": {"uv": [8.5, 14, 11.75, 16], "rotation": 270, "texture": "#0"},
				"south": {"uv": [8.5, 14, 11.75, 16], "rotation": 270, "texture": "#0"},
				"west": {"uv": [8.5, 14, 11.75, 16], "rotation": 270, "texture": "#0"},
				"up": {"uv": [8.5, 14, 11.75, 16], "texture": "#0"},
				"down": {"uv": [8.5, 14, 11.75, 16], "rotation": 180, "texture": "#0"}
			}
		},
		{
			"from": [6.16111, 8.62547, 3.72937],
			"to": [9.83611, 9.93797, 7.47937],
			"rotation": {"angle": 0, "axis": "y", "origin": [7.99861, 7.77451, 8.70421]},
			"faces": {
				"north": {"uv": [8.5, 14, 11.75, 16], "rotation": 270, "texture": "#0"},
				"east": {"uv": [8.5, 14, 11.75, 16], "rotation": 270, "texture": "#0"},
				"south": {"uv": [8.5, 14, 11.75, 16], "rotation": 270, "texture": "#0"},
				"west": {"uv": [8.5, 14, 11.75, 16], "rotation": 270, "texture": "#0"},
				"up": {"uv": [8.5, 14, 11.75, 16], "texture": "#0"},
				"down": {"uv": [8.5, 14, 11.75, 16], "rotation": 270, "texture": "#0"}
			}
		}
	],
	"display": {
		"head": {
			"translation": [0, -8.25, 6],
			"scale": [4, 4, 4]
		}
	},
	"groups": [
		{
			"name": "root_normal",
			"origin": [8, 8, 8],
			"children": [
				{
					"name": "neck",
					"origin": [8, 8, 8],
					"children": [
						{
							"name": "0",
							"origin": [8, 8, 8],
							"children": [0, 1,
								{
									"name": "group",
									"origin": [8, 8, 8],
									"children": [2, 3]
								}, 4, 5]
						}
					]
				}
			]
		}
	]
}