{
	"credit": "Made with Blockbench",
	"texture_size": [32, 32],
	"textures": {
		"0": "zinogre/head",
		"particle": "zinogre/head"
	},
	"elements": [
		{
			"from": [5.70742, 5.32993, 12.33307],
			"to": [10.29525, 7.16206, 17.83849],
			"rotation": {"angle": 0, "axis": "y", "origin": [15.21843, 17.65843, 22.25587]},
			"faces": {
				"north": {"uv": [5.25, 14, 5.5, 16], "rotation": 270, "texture": "#0"},
				"east": {"uv": [5.25, 14, 5.5, 16], "rotation": 270, "texture": "#0"},
				"south": {"uv": [5.25, 14, 5.5, 16], "rotation": 270, "texture": "#0"},
				"west": {"uv": [5.25, 14, 5.5, 16], "rotation": 270, "texture": "#0"},
				"up": {"uv": [5.25, 14, 5.5, 16], "rotation": 270, "texture": "#0"},
				"down": {"uv": [2.5, 14, 5.5, 16], "rotation": 270, "texture": "#0"}
			}
		},
		{
			"from": [6.41357, 8.69962, 12.47057],
			"to": [7.30708, 9.51756, 15.49299],
			"rotation": {"angle": 0, "axis": "y", "origin": [8.00133, 9.10859, 19.56148]},
			"faces": {
				"north": {"uv": [12, 5, 13.75, 7.25], "texture": "#0"},
				"east": {"uv": [12, 5, 13.75, 7.25], "texture": "#0"},
				"south": {"uv": [12, 5, 13.75, 7.25], "texture": "#0"},
				"west": {"uv": [12, 5, 13.75, 7.25], "texture": "#0"},
				"up": {"uv": [12, 5, 13.75, 7.25], "texture": "#0"},
				"down": {"uv": [12, 5, 13.75, 7.25], "texture": "#0"}
			}
		},
		{
			"from": [6.08357, 8.69962, 15.48557],
			"to": [6.81208, 9.51756, 18.13299],
			"rotation": {"angle": 0, "axis": "y", "origin": [7.67133, 9.10859, 22.20148]},
			"color": 2,
			"faces": {
				"north": {"uv": [0, 0, 0.75, 0.375], "texture": "#missing"},
				"east": {"uv": [0, 0, 1.25, 0.375], "texture": "#missing"},
				"south": {"uv": [0, 0, 0.75, 0.375], "texture": "#missing"},
				"west": {"uv": [0, 0, 1.25, 0.375], "texture": "#missing"},
				"up": {"uv": [0, 0, 0.75, 1.25], "texture": "#missing"},
				"down": {"uv": [0, 0, 0.75, 1.25], "texture": "#missing"}
			}
		},
		{
			"from": [8.69559, 8.69962, 12.47057],
			"to": [9.58909, 9.51756, 15.49299],
			"rotation": {"angle": 0, "axis": "y", "origin": [8.00133, 9.10859, 19.56148]},
			"faces": {
				"north": {"uv": [12, 5, 13.75, 7.25], "texture": "#0"},
				"east": {"uv": [12, 5, 13.75, 7.25], "texture": "#0"},
				"south": {"uv": [12, 5, 13.75, 7.25], "texture": "#0"},
				"west": {"uv": [12, 5, 13.75, 7.25], "texture": "#0"},
				"up": {"uv": [12, 5, 13.75, 7.25], "texture": "#0"},
				"down": {"uv": [12, 5, 13.75, 7.25], "texture": "#0"}
			}
		},
		{
			"from": [9.19059, 8.69962, 15.48557],
			"to": [9.91909, 9.51756, 18.13299],
			"rotation": {"angle": 0, "axis": "y", "origin": [8.33133, 9.10859, 22.20148]},
			"color": 2,
			"faces": {
				"north": {"uv": [0.75, 0, 0, 0.375], "texture": "#missing"},
				"east": {"uv": [1.25, 0, 0, 0.375], "texture": "#missing"},
				"south": {"uv": [0.75, 0, 0, 0.375], "texture": "#missing"},
				"west": {"uv": [1.25, 0, 0, 0.375], "texture": "#missing"},
				"up": {"uv": [0.75, 0, 0, 1.25], "texture": "#missing"},
				"down": {"uv": [0.75, 0, 0, 1.25], "texture": "#missing"}
			}
		},
		{
			"from": [7.63643, 8.69962, 15.48557],
			"to": [8.36493, 9.51756, 16.15299],
			"rotation": {"angle": 0, "axis": "y", "origin": [6.77717, 9.10859, 22.20148]},
			"faces": {
				"north": {"uv": [12, 5, 13.75, 7.25], "texture": "#0"},
				"east": {"uv": [12, 5, 13.75, 7.25], "texture": "#0"},
				"south": {"uv": [12, 5, 13.75, 7.25], "texture": "#0"},
				"west": {"uv": [12, 5, 13.75, 7.25], "texture": "#0"},
				"up": {"uv": [12, 5, 13.75, 7.25], "texture": "#0"},
				"down": {"uv": [12, 5, 13.75, 7.25], "texture": "#0"}
			}
		},
		{
			"from": [7.63643, 8.69962, 16.64057],
			"to": [8.36493, 9.51756, 17.30799],
			"rotation": {"angle": 0, "axis": "y", "origin": [6.77717, 9.10859, 23.35648]},
			"faces": {
				"north": {"uv": [12, 5, 13.75, 7.25], "texture": "#0"},
				"east": {"uv": [12, 5, 13.75, 7.25], "texture": "#0"},
				"south": {"uv": [12, 5, 13.75, 7.25], "texture": "#0"},
				"west": {"uv": [12, 5, 13.75, 7.25], "texture": "#0"},
				"up": {"uv": [12, 5, 13.75, 7.25], "texture": "#0"},
				"down": {"uv": [12, 5, 13.75, 7.25], "texture": "#0"}
			}
		},
		{
			"from": [4.8766, 7.99211, 12.55271],
			"to": [5.9351, 9.07322, 18.79672],
			"rotation": {"angle": 0, "axis": "y", "origin": [5.40585, 8.73107, 16.3409]},
			"faces": {
				"north": {"uv": [14, 0, 14.5, 0.5], "rotation": 90, "texture": "#0"},
				"east": {"uv": [14, 0, 14.5, 4.25], "rotation": 90, "texture": "#0"},
				"south": {"uv": [14, 0, 14.5, 0.5], "rotation": 90, "texture": "#0"},
				"west": {"uv": [14, 0, 14.5, 4.25], "rotation": 90, "texture": "#0"},
				"up": {"uv": [14, 0, 14.5, 4.25], "texture": "#0"},
				"down": {"uv": [14, 0, 14.5, 4.25], "rotation": 180, "texture": "#0"}
			}
		},
		{
			"from": [7.5166, 6.17711, 17.50271],
			"to": [8.5751, 9.07322, 20.52922],
			"rotation": {"angle": 0, "axis": "y", "origin": [8.04585, 8.73107, 20.9609]},
			"faces": {
				"north": {"uv": [12, 5, 13.75, 7.25], "rotation": 180, "texture": "#0"},
				"east": {"uv": [12, 5, 13.75, 7.25], "rotation": 180, "texture": "#0"},
				"south": {"uv": [12, 5, 13.75, 7.25], "rotation": 180, "texture": "#0"},
				"west": {"uv": [12, 5, 13.75, 7.25], "rotation": 180, "texture": "#0"},
				"up": {"uv": [12, 5, 13.75, 7.25], "rotation": 180, "texture": "#0"},
				"down": {"uv": [12, 5, 13.75, 7.25], "rotation": 180, "texture": "#0"}
			}
		},
		{
			"from": [10.10097, 7.95869, 12.55271],
			"to": [11.15948, 9.03981, 18.79672],
			"rotation": {"angle": 0, "axis": "y", "origin": [10.63023, 8.69766, 16.3409]},
			"faces": {
				"north": {"uv": [14, 0, 14.5, 0.5], "rotation": 90, "texture": "#0"},
				"east": {"uv": [14, 0, 14.5, 4.25], "rotation": 90, "texture": "#0"},
				"south": {"uv": [14, 0, 14.5, 0.5], "rotation": 90, "texture": "#0"},
				"west": {"uv": [14, 0, 14.5, 4.25], "rotation": 90, "texture": "#0"},
				"up": {"uv": [14, 0, 14.5, 4.25], "texture": "#0"},
				"down": {"uv": [14, 0, 14.5, 4.25], "rotation": 180, "texture": "#0"}
			}
		},
		{
			"from": [6.41226, 9.52462, 13.17557],
			"to": [7.30577, 10.01256, 14.17299],
			"rotation": {"angle": -22.5, "axis": "x", "origin": [6.85902, 9.10859, 14.16928]},
			"faces": {
				"north": {"uv": [12, 5, 13.75, 7.25], "texture": "#0"},
				"east": {"uv": [12, 5, 13.75, 7.25], "texture": "#0"},
				"south": {"uv": [12, 5, 13.75, 7.25], "texture": "#0"},
				"west": {"uv": [12, 5, 13.75, 7.25], "texture": "#0"},
				"up": {"uv": [12, 5, 13.75, 7.25], "texture": "#0"},
				"down": {"uv": [12, 5, 13.75, 7.25], "texture": "#0"}
			}
		},
		{
			"from": [6.41226, 9.52462, 14.00057],
			"to": [7.30577, 10.01256, 14.99799],
			"rotation": {"angle": -22.5, "axis": "x", "origin": [6.85902, 9.10859, 14.99428]},
			"faces": {
				"north": {"uv": [12, 5, 13.75, 7.25], "texture": "#0"},
				"east": {"uv": [12, 5, 13.75, 7.25], "texture": "#0"},
				"south": {"uv": [12, 5, 13.75, 7.25], "texture": "#0"},
				"west": {"uv": [12, 5, 13.75, 7.25], "texture": "#0"},
				"up": {"uv": [12, 5, 13.75, 7.25], "texture": "#0"},
				"down": {"uv": [12, 5, 13.75, 7.25], "texture": "#0"}
			}
		},
		{
			"from": [6.41226, 9.52462, 14.82557],
			"to": [7.30577, 10.01256, 15.82299],
			"rotation": {"angle": -22.5, "axis": "x", "origin": [6.85902, 9.10859, 15.81928]},
			"faces": {
				"north": {"uv": [12, 5, 13.75, 7.25], "texture": "#0"},
				"east": {"uv": [12, 5, 13.75, 7.25], "texture": "#0"},
				"south": {"uv": [12, 5, 13.75, 7.25], "texture": "#0"},
				"west": {"uv": [12, 5, 13.75, 7.25], "texture": "#0"},
				"up": {"uv": [12, 5, 13.75, 7.25], "texture": "#0"},
				"down": {"uv": [12, 5, 13.75, 7.25], "texture": "#0"}
			}
		},
		{
			"from": [6.08226, 9.52462, 15.81557],
			"to": [6.97577, 10.01256, 17.14299],
			"rotation": {"angle": -22.5, "axis": "x", "origin": [6.52902, 9.10859, 16.80928]},
			"faces": {
				"north": {"uv": [12, 5, 13.75, 7.25], "texture": "#0"},
				"east": {"uv": [12, 5, 13.75, 7.25], "texture": "#0"},
				"south": {"uv": [12, 5, 13.75, 7.25], "texture": "#0"},
				"west": {"uv": [12, 5, 13.75, 7.25], "texture": "#0"},
				"up": {"uv": [12, 5, 13.75, 7.25], "texture": "#0"},
				"down": {"uv": [12, 5, 13.75, 7.25], "texture": "#0"}
			}
		},
		{
			"from": [5.91726, 9.52462, 16.80557],
			"to": [7.14077, 10.01256, 18.13299],
			"rotation": {"angle": -22.5, "axis": "x", "origin": [6.52902, 9.10859, 17.79928]},
			"faces": {
				"north": {"uv": [12, 5, 13.75, 7.25], "texture": "#0"},
				"east": {"uv": [12, 5, 13.75, 7.25], "texture": "#0"},
				"south": {"uv": [12, 5, 13.75, 7.25], "texture": "#0"},
				"west": {"uv": [12, 5, 13.75, 7.25], "texture": "#0"},
				"up": {"uv": [12, 5, 13.75, 7.25], "texture": "#0"},
				"down": {"uv": [12, 5, 13.75, 7.25], "texture": "#0"}
			}
		},
		{
			"from": [8.69559, 9.52462, 13.17557],
			"to": [9.58909, 10.01256, 14.17299],
			"rotation": {"angle": -22.5, "axis": "x", "origin": [9.14234, 9.10859, 14.16928]},
			"faces": {
				"north": {"uv": [12, 5, 13.75, 7.25], "texture": "#0"},
				"east": {"uv": [12, 5, 13.75, 7.25], "texture": "#0"},
				"south": {"uv": [12, 5, 13.75, 7.25], "texture": "#0"},
				"west": {"uv": [12, 5, 13.75, 7.25], "texture": "#0"},
				"up": {"uv": [12, 5, 13.75, 7.25], "texture": "#0"},
				"down": {"uv": [12, 5, 13.75, 7.25], "texture": "#0"}
			}
		},
		{
			"from": [8.69559, 9.52462, 14.00057],
			"to": [9.58909, 10.01256, 14.99799],
			"rotation": {"angle": -22.5, "axis": "x", "origin": [9.14234, 9.10859, 14.99428]},
			"faces": {
				"north": {"uv": [12, 5, 13.75, 7.25], "texture": "#0"},
				"east": {"uv": [12, 5, 13.75, 7.25], "texture": "#0"},
				"south": {"uv": [12, 5, 13.75, 7.25], "texture": "#0"},
				"west": {"uv": [12, 5, 13.75, 7.25], "texture": "#0"},
				"up": {"uv": [12, 5, 13.75, 7.25], "texture": "#0"},
				"down": {"uv": [12, 5, 13.75, 7.25], "texture": "#0"}
			}
		},
		{
			"from": [8.69559, 9.52462, 14.82557],
			"to": [9.58909, 10.01256, 15.82299],
			"rotation": {"angle": -22.5, "axis": "x", "origin": [9.14234, 9.10859, 15.81928]},
			"faces": {
				"north": {"uv": [12, 5, 13.75, 7.25], "texture": "#0"},
				"east": {"uv": [12, 5, 13.75, 7.25], "texture": "#0"},
				"south": {"uv": [12, 5, 13.75, 7.25], "texture": "#0"},
				"west": {"uv": [12, 5, 13.75, 7.25], "texture": "#0"},
				"up": {"uv": [12, 5, 13.75, 7.25], "texture": "#0"},
				"down": {"uv": [12, 5, 13.75, 7.25], "texture": "#0"}
			}
		},
		{
			"from": [9.02559, 9.52462, 15.81557],
			"to": [9.91909, 10.01256, 17.14299],
			"rotation": {"angle": -22.5, "axis": "x", "origin": [9.47234, 9.10859, 16.80928]},
			"faces": {
				"north": {"uv": [12, 5, 13.75, 7.25], "texture": "#0"},
				"east": {"uv": [12, 5, 13.75, 7.25], "texture": "#0"},
				"south": {"uv": [12, 5, 13.75, 7.25], "texture": "#0"},
				"west": {"uv": [12, 5, 13.75, 7.25], "texture": "#0"},
				"up": {"uv": [12, 5, 13.75, 7.25], "texture": "#0"},
				"down": {"uv": [12, 5, 13.75, 7.25], "texture": "#0"}
			}
		},
		{
			"from": [8.86059, 9.52462, 16.80557],
			"to": [10.08409, 10.01256, 18.13299],
			"rotation": {"angle": -22.5, "axis": "x", "origin": [9.47234, 9.10859, 17.79928]},
			"faces": {
				"north": {"uv": [12, 5, 13.75, 7.25], "texture": "#0"},
				"east": {"uv": [12, 5, 13.75, 7.25], "texture": "#0"},
				"south": {"uv": [12, 5, 13.75, 7.25], "texture": "#0"},
				"west": {"uv": [12, 5, 13.75, 7.25], "texture": "#0"},
				"up": {"uv": [12, 5, 13.75, 7.25], "texture": "#0"},
				"down": {"uv": [12, 5, 13.75, 7.25], "texture": "#0"}
			}
		},
		{
			"from": [5.7016, 5.68211, 22.78271],
			"to": [7.0901, 7.42322, 24.90172],
			"rotation": {"angle": 45, "axis": "x", "origin": [6.39585, 7.74107, 23.9309]},
			"faces": {
				"north": {"uv": [12, 5, 13.75, 7.25], "rotation": 180, "texture": "#0"},
				"east": {"uv": [12, 5, 13.75, 7.25], "rotation": 180, "texture": "#0"},
				"south": {"uv": [12, 5, 13.75, 7.25], "rotation": 180, "texture": "#0"},
				"west": {"uv": [12, 5, 13.75, 7.25], "rotation": 180, "texture": "#0"},
				"up": {"uv": [12, 5, 13.75, 7.25], "rotation": 180, "texture": "#0"},
				"down": {"uv": [12, 5, 13.75, 7.25], "rotation": 180, "texture": "#0"}
			}
		},
		{
			"from": [8.91126, 5.68211, 22.78271],
			"to": [10.29976, 7.42322, 24.90172],
			"rotation": {"angle": 45, "axis": "x", "origin": [9.60551, 7.74107, 23.9309]},
			"faces": {
				"north": {"uv": [12, 5, 13.75, 7.25], "rotation": 180, "texture": "#0"},
				"east": {"uv": [12, 5, 13.75, 7.25], "rotation": 180, "texture": "#0"},
				"south": {"uv": [12, 5, 13.75, 7.25], "rotation": 180, "texture": "#0"},
				"west": {"uv": [12, 5, 13.75, 7.25], "rotation": 180, "texture": "#0"},
				"up": {"uv": [12, 5, 13.75, 7.25], "rotation": 180, "texture": "#0"},
				"down": {"uv": [12, 5, 13.75, 7.25], "rotation": 180, "texture": "#0"}
			}
		},
		{
			"from": [5.8666, 5.78026, 23.19194],
			"to": [6.9251, 7.56927, 24.27305],
			"rotation": {"angle": -22.5, "axis": "x", "origin": [6.39585, 6.42107, 25.0859]},
			"faces": {
				"north": {"uv": [12, 5, 13.75, 7.25], "rotation": 270, "texture": "#0"},
				"east": {"uv": [12, 5, 13.75, 7.25], "rotation": 270, "texture": "#0"},
				"south": {"uv": [12, 5, 13.75, 7.25], "rotation": 270, "texture": "#0"},
				"west": {"uv": [12, 5, 13.75, 7.25], "rotation": 270, "texture": "#0"},
				"up": {"uv": [12, 5, 13.75, 7.25], "rotation": 270, "texture": "#0"},
				"down": {"uv": [12, 5, 13.75, 7.25], "rotation": 270, "texture": "#0"}
			}
		},
		{
			"from": [9.07626, 5.78026, 23.19194],
			"to": [10.13476, 7.56927, 24.27305],
			"rotation": {"angle": -22.5, "axis": "x", "origin": [9.60551, 6.42107, 25.0859]},
			"faces": {
				"north": {"uv": [12, 5, 13.75, 7.25], "rotation": 90, "texture": "#0"},
				"east": {"uv": [12, 5, 13.75, 7.25], "rotation": 90, "texture": "#0"},
				"south": {"uv": [12, 5, 13.75, 7.25], "rotation": 90, "texture": "#0"},
				"west": {"uv": [12, 5, 13.75, 7.25], "rotation": 90, "texture": "#0"},
				"up": {"uv": [12, 5, 13.75, 7.25], "rotation": 90, "texture": "#0"},
				"down": {"uv": [12, 5, 13.75, 7.25], "rotation": 90, "texture": "#0"}
			}
		},
		{
			"from": [5.2066, 5.84711, 17.50271],
			"to": [7.5851, 9.56822, 21.93172],
			"rotation": {"angle": 0, "axis": "y", "origin": [6.39585, 8.73107, 20.9609]},
			"faces": {
				"north": {"uv": [12, 5, 13.75, 7.25], "rotation": 180, "texture": "#0"},
				"east": {"uv": [12, 5, 13.75, 7.25], "rotation": 180, "texture": "#0"},
				"south": {"uv": [12, 5, 13.75, 7.25], "rotation": 180, "texture": "#0"},
				"west": {"uv": [12, 5, 13.75, 7.25], "rotation": 180, "texture": "#0"},
				"up": {"uv": [12, 5, 13.75, 7.25], "rotation": 180, "texture": "#0"},
				"down": {"uv": [12, 5, 13.75, 7.25], "rotation": 180, "texture": "#0"}
			}
		},
		{
			"from": [8.41626, 5.84711, 17.50271],
			"to": [10.79476, 9.56822, 21.93172],
			"rotation": {"angle": 0, "axis": "y", "origin": [9.60551, 8.73107, 20.9609]},
			"faces": {
				"north": {"uv": [12, 5, 13.75, 7.25], "rotation": 180, "texture": "#0"},
				"east": {"uv": [12, 5, 13.75, 7.25], "rotation": 180, "texture": "#0"},
				"south": {"uv": [12, 5, 13.75, 7.25], "rotation": 180, "texture": "#0"},
				"west": {"uv": [12, 5, 13.75, 7.25], "rotation": 180, "texture": "#0"},
				"up": {"uv": [12, 5, 13.75, 7.25], "rotation": 180, "texture": "#0"},
				"down": {"uv": [12, 5, 13.75, 7.25], "rotation": 180, "texture": "#0"}
			}
		},
		{
			"from": [5.3716, 5.84711, 20.47271],
			"to": [7.2551, 8.41322, 23.91172],
			"rotation": {"angle": 22.5, "axis": "x", "origin": [6.39585, 8.73107, 22.9409]},
			"faces": {
				"north": {"uv": [12, 5, 13.75, 7.25], "rotation": 180, "texture": "#0"},
				"east": {"uv": [12, 5, 13.75, 7.25], "rotation": 180, "texture": "#0"},
				"south": {"uv": [12, 5, 13.75, 7.25], "rotation": 180, "texture": "#0"},
				"west": {"uv": [12, 5, 13.75, 7.25], "rotation": 180, "texture": "#0"},
				"up": {"uv": [12, 5, 13.75, 7.25], "rotation": 180, "texture": "#0"},
				"down": {"uv": [12, 5, 13.75, 7.25], "rotation": 180, "texture": "#0"}
			}
		},
		{
			"from": [8.74626, 5.84711, 20.47271],
			"to": [10.62976, 8.41322, 23.91172],
			"rotation": {"angle": 22.5, "axis": "x", "origin": [9.60551, 8.73107, 22.9409]},
			"faces": {
				"north": {"uv": [12, 5, 13.75, 7.25], "rotation": 180, "texture": "#0"},
				"east": {"uv": [12, 5, 13.75, 7.25], "rotation": 180, "texture": "#0"},
				"south": {"uv": [12, 5, 13.75, 7.25], "rotation": 180, "texture": "#0"},
				"west": {"uv": [12, 5, 13.75, 7.25], "rotation": 180, "texture": "#0"},
				"up": {"uv": [12, 5, 13.75, 7.25], "rotation": 180, "texture": "#0"},
				"down": {"uv": [12, 5, 13.75, 7.25], "rotation": 180, "texture": "#0"}
			}
		},
		{
			"from": [3.5566, 7.49711, 12.55271],
			"to": [4.7801, 8.24822, 13.51672],
			"rotation": {"angle": -22.5, "axis": "y", "origin": [4.25085, 7.90607, 16.0109]},
			"faces": {
				"north": {"uv": [12, 5, 13.75, 7.25], "rotation": 180, "texture": "#0"},
				"east": {"uv": [12, 5, 13.75, 7.25], "rotation": 180, "texture": "#0"},
				"south": {"uv": [12, 5, 13.75, 7.25], "rotation": 180, "texture": "#0"},
				"west": {"uv": [12, 5, 13.75, 7.25], "rotation": 180, "texture": "#0"},
				"up": {"uv": [12, 5, 13.75, 7.25], "rotation": 180, "texture": "#0"},
				"down": {"uv": [12, 5, 13.75, 7.25], "rotation": 180, "texture": "#0"}
			}
		},
		{
			"from": [11.22126, 7.49711, 12.55271],
			"to": [12.44476, 8.24822, 13.51672],
			"rotation": {"angle": 22.5, "axis": "y", "origin": [11.75051, 7.90607, 16.0109]},
			"faces": {
				"north": {"uv": [12, 5, 13.75, 7.25], "rotation": 180, "texture": "#0"},
				"east": {"uv": [12, 5, 13.75, 7.25], "rotation": 180, "texture": "#0"},
				"south": {"uv": [12, 5, 13.75, 7.25], "rotation": 180, "texture": "#0"},
				"west": {"uv": [12, 5, 13.75, 7.25], "rotation": 180, "texture": "#0"},
				"up": {"uv": [12, 5, 13.75, 7.25], "rotation": 180, "texture": "#0"},
				"down": {"uv": [12, 5, 13.75, 7.25], "rotation": 180, "texture": "#0"}
			}
		},
		{
			"from": [5.12617, 7.49711, 12.18165],
			"to": [10.87519, 8.41322, 13.73516],
			"rotation": {"angle": 0, "axis": "y", "origin": [13.36937, 7.90607, 13.2059]},
			"color": 2,
			"faces": {
				"north": {"uv": [1.25, 0, 0, 0.375], "rotation": 180, "texture": "#missing"},
				"east": {"uv": [0.75, 0, 0, 0.375], "rotation": 180, "texture": "#missing"},
				"south": {"uv": [1.25, 0, 0, 0.375], "rotation": 180, "texture": "#missing"},
				"west": {"uv": [0.75, 0, 0, 0.375], "rotation": 180, "texture": "#missing"},
				"up": {"uv": [0.75, 0, 0, 1.25], "rotation": 270, "texture": "#missing"},
				"down": {"uv": [0.75, 0, 0, 1.25], "rotation": 90, "texture": "#missing"}
			}
		},
		{
			"from": [3.3916, 7.33211, 13.54271],
			"to": [4.7801, 8.41322, 15.00172],
			"rotation": {"angle": -22.5, "axis": "y", "origin": [4.25085, 7.90607, 17.0009]},
			"faces": {
				"north": {"uv": [12, 5, 13.75, 7.25], "rotation": 180, "texture": "#0"},
				"east": {"uv": [12, 5, 13.75, 7.25], "rotation": 180, "texture": "#0"},
				"south": {"uv": [12, 5, 13.75, 7.25], "rotation": 180, "texture": "#0"},
				"west": {"uv": [12, 5, 13.75, 7.25], "rotation": 180, "texture": "#0"},
				"up": {"uv": [12, 5, 13.75, 7.25], "rotation": 180, "texture": "#0"},
				"down": {"uv": [12, 5, 13.75, 7.25], "rotation": 180, "texture": "#0"}
			}
		},
		{
			"from": [3.3916, 7.33211, 14.53271],
			"to": [4.7801, 8.41322, 15.99172],
			"rotation": {"angle": -22.5, "axis": "y", "origin": [4.25085, 7.90607, 17.9909]},
			"faces": {
				"north": {"uv": [12, 5, 13.75, 7.25], "rotation": 180, "texture": "#0"},
				"east": {"uv": [12, 5, 13.75, 7.25], "rotation": 180, "texture": "#0"},
				"south": {"uv": [12, 5, 13.75, 7.25], "rotation": 180, "texture": "#0"},
				"west": {"uv": [12, 5, 13.75, 7.25], "rotation": 180, "texture": "#0"},
				"up": {"uv": [12, 5, 13.75, 7.25], "rotation": 180, "texture": "#0"},
				"down": {"uv": [12, 5, 13.75, 7.25], "rotation": 180, "texture": "#0"}
			}
		},
		{
			"from": [3.82006, 7.16711, 15.71612],
			"to": [5.04357, 8.57822, 17.50513],
			"rotation": {"angle": -45, "axis": "y", "origin": [4.62125, 7.87266, 17.17107]},
			"faces": {
				"north": {"uv": [12, 5, 13.75, 7.25], "rotation": 180, "texture": "#0"},
				"east": {"uv": [12, 5, 13.75, 7.25], "rotation": 180, "texture": "#0"},
				"south": {"uv": [12, 5, 13.75, 7.25], "rotation": 180, "texture": "#0"},
				"west": {"uv": [12, 5, 13.75, 7.25], "rotation": 180, "texture": "#0"},
				"up": {"uv": [12, 5, 13.75, 7.25], "rotation": 180, "texture": "#0"},
				"down": {"uv": [12, 5, 13.75, 7.25], "rotation": 180, "texture": "#0"}
			}
		},
		{
			"from": [4.19892, 7.16711, 16.63076],
			"to": [5.91743, 8.74322, 19.16227],
			"rotation": {"angle": -45, "axis": "y", "origin": [4.62125, 7.87266, 17.17107]},
			"faces": {
				"north": {"uv": [12, 5, 13.75, 7.25], "rotation": 180, "texture": "#0"},
				"east": {"uv": [12, 5, 13.75, 7.25], "rotation": 180, "texture": "#0"},
				"south": {"uv": [12, 5, 13.75, 7.25], "rotation": 180, "texture": "#0"},
				"west": {"uv": [12, 5, 13.75, 7.25], "rotation": 180, "texture": "#0"},
				"up": {"uv": [12, 5, 13.75, 7.25], "rotation": 180, "texture": "#0"},
				"down": {"uv": [12, 5, 13.75, 7.25], "rotation": 180, "texture": "#0"}
			}
		},
		{
			"from": [2.20308, 7.33211, 18.44337],
			"to": [4.2396, 8.57822, 19.58438],
			"rotation": {"angle": 22.5, "axis": "y", "origin": [3.22134, 7.95516, 19.01388]},
			"faces": {
				"north": {"uv": [12, 5, 13.75, 7.25], "rotation": 180, "texture": "#0"},
				"east": {"uv": [12, 5, 13.75, 7.25], "rotation": 180, "texture": "#0"},
				"south": {"uv": [12, 5, 13.75, 7.25], "rotation": 180, "texture": "#0"},
				"west": {"uv": [12, 5, 13.75, 7.25], "rotation": 180, "texture": "#0"},
				"up": {"uv": [12, 5, 13.75, 7.25], "rotation": 180, "texture": "#0"},
				"down": {"uv": [12, 5, 13.75, 7.25], "rotation": 180, "texture": "#0"}
			}
		},
		{
			"from": [1.54308, 7.49711, 18.60837],
			"to": [2.4246, 8.41322, 19.25438],
			"rotation": {"angle": 22.5, "axis": "y", "origin": [3.22134, 7.95516, 19.01388]},
			"faces": {
				"north": {"uv": [12, 5, 13.75, 7.25], "rotation": 180, "texture": "#0"},
				"east": {"uv": [12, 5, 13.75, 7.25], "rotation": 180, "texture": "#0"},
				"south": {"uv": [12, 5, 13.75, 7.25], "rotation": 180, "texture": "#0"},
				"west": {"uv": [12, 5, 13.75, 7.25], "rotation": 180, "texture": "#0"},
				"up": {"uv": [12, 5, 13.75, 7.25], "rotation": 180, "texture": "#0"},
				"down": {"uv": [12, 5, 13.75, 7.25], "rotation": 180, "texture": "#0"}
			}
		},
		{
			"from": [11.22126, 7.49711, 12.55271],
			"to": [12.44476, 8.24822, 13.51672],
			"rotation": {"angle": 22.5, "axis": "y", "origin": [11.75051, 7.90607, 16.0109]},
			"color": 2,
			"faces": {
				"north": {"uv": [0.75, 0, 0, 0.375], "rotation": 180, "texture": "#missing"},
				"east": {"uv": [1.25, 0, 0, 0.375], "rotation": 180, "texture": "#missing"},
				"south": {"uv": [0.75, 0, 0, 0.375], "rotation": 180, "texture": "#missing"},
				"west": {"uv": [1.25, 0, 0, 0.375], "rotation": 180, "texture": "#missing"},
				"up": {"uv": [0.75, 0, 0, 1.25], "texture": "#missing"},
				"down": {"uv": [0.75, 0, 0, 1.25], "texture": "#missing"}
			}
		},
		{
			"from": [3.5566, 7.49711, 12.55271],
			"to": [4.7801, 8.24822, 13.51672],
			"rotation": {"angle": -22.5, "axis": "y", "origin": [4.25085, 7.90607, 16.0109]},
			"color": 2,
			"faces": {
				"north": {"uv": [0, 0, 0.75, 0.375], "rotation": 180, "texture": "#missing"},
				"east": {"uv": [0, 0, 1.25, 0.375], "rotation": 180, "texture": "#missing"},
				"south": {"uv": [0, 0, 0.75, 0.375], "rotation": 180, "texture": "#missing"},
				"west": {"uv": [0, 0, 1.25, 0.375], "rotation": 180, "texture": "#missing"},
				"up": {"uv": [0, 0, 0.75, 1.25], "texture": "#missing"},
				"down": {"uv": [0, 0, 0.75, 1.25], "texture": "#missing"}
			}
		},
		{
			"from": [5.12617, 7.49711, 12.18165],
			"to": [10.87519, 8.41322, 13.73516],
			"rotation": {"angle": 0, "axis": "y", "origin": [2.63199, 7.90607, 13.2059]},
			"color": 2,
			"faces": {
				"north": {"uv": [0, 0, 1.25, 0.375], "rotation": 180, "texture": "#missing"},
				"east": {"uv": [0, 0, 0.75, 0.375], "rotation": 180, "texture": "#missing"},
				"south": {"uv": [0, 0, 1.25, 0.375], "rotation": 180, "texture": "#missing"},
				"west": {"uv": [0, 0, 0.75, 0.375], "rotation": 180, "texture": "#missing"},
				"up": {"uv": [0.75, 1.25, 0, 0], "rotation": 270, "texture": "#missing"},
				"down": {"uv": [0.75, 1.25, 0, 0], "rotation": 90, "texture": "#missing"}
			}
		},
		{
			"from": [11.22126, 7.33211, 13.54271],
			"to": [12.60976, 8.41322, 15.00172],
			"rotation": {"angle": 22.5, "axis": "y", "origin": [11.75051, 7.90607, 17.0009]},
			"faces": {
				"north": {"uv": [12, 5, 13.75, 7.25], "rotation": 180, "texture": "#0"},
				"east": {"uv": [12, 5, 13.75, 7.25], "rotation": 180, "texture": "#0"},
				"south": {"uv": [12, 5, 13.75, 7.25], "rotation": 180, "texture": "#0"},
				"west": {"uv": [12, 5, 13.75, 7.25], "rotation": 180, "texture": "#0"},
				"up": {"uv": [12, 5, 13.75, 7.25], "rotation": 180, "texture": "#0"},
				"down": {"uv": [12, 5, 13.75, 7.25], "rotation": 180, "texture": "#0"}
			}
		},
		{
			"from": [11.22126, 7.33211, 14.53271],
			"to": [12.60976, 8.41322, 15.99172],
			"rotation": {"angle": 22.5, "axis": "y", "origin": [11.75051, 7.90607, 17.9909]},
			"faces": {
				"north": {"uv": [12, 5, 13.75, 7.25], "rotation": 180, "texture": "#0"},
				"east": {"uv": [12, 5, 13.75, 7.25], "rotation": 180, "texture": "#0"},
				"south": {"uv": [12, 5, 13.75, 7.25], "rotation": 180, "texture": "#0"},
				"west": {"uv": [12, 5, 13.75, 7.25], "rotation": 180, "texture": "#0"},
				"up": {"uv": [12, 5, 13.75, 7.25], "rotation": 180, "texture": "#0"},
				"down": {"uv": [12, 5, 13.75, 7.25], "rotation": 180, "texture": "#0"}
			}
		},
		{
			"from": [10.95779, 7.16711, 15.71612],
			"to": [12.1813, 8.57822, 17.50513],
			"rotation": {"angle": 45, "axis": "y", "origin": [11.38011, 7.87266, 17.17107]},
			"faces": {
				"north": {"uv": [12, 5, 13.75, 7.25], "rotation": 180, "texture": "#0"},
				"east": {"uv": [12, 5, 13.75, 7.25], "rotation": 180, "texture": "#0"},
				"south": {"uv": [12, 5, 13.75, 7.25], "rotation": 180, "texture": "#0"},
				"west": {"uv": [12, 5, 13.75, 7.25], "rotation": 180, "texture": "#0"},
				"up": {"uv": [12, 5, 13.75, 7.25], "rotation": 180, "texture": "#0"},
				"down": {"uv": [12, 5, 13.75, 7.25], "rotation": 180, "texture": "#0"}
			}
		},
		{
			"from": [10.08393, 7.16711, 16.63076],
			"to": [11.80244, 8.74322, 19.16227],
			"rotation": {"angle": 45, "axis": "y", "origin": [11.38011, 7.87266, 17.17107]},
			"faces": {
				"north": {"uv": [12, 5, 13.75, 7.25], "rotation": 180, "texture": "#0"},
				"east": {"uv": [12, 5, 13.75, 7.25], "rotation": 180, "texture": "#0"},
				"south": {"uv": [12, 5, 13.75, 7.25], "rotation": 180, "texture": "#0"},
				"west": {"uv": [12, 5, 13.75, 7.25], "rotation": 180, "texture": "#0"},
				"up": {"uv": [12, 5, 13.75, 7.25], "rotation": 180, "texture": "#0"},
				"down": {"uv": [12, 5, 13.75, 7.25], "rotation": 180, "texture": "#0"}
			}
		},
		{
			"from": [11.76176, 7.33211, 18.44337],
			"to": [13.79828, 8.57822, 19.58438],
			"rotation": {"angle": -22.5, "axis": "y", "origin": [12.78002, 7.95516, 19.01388]},
			"faces": {
				"north": {"uv": [12, 5, 13.75, 7.25], "rotation": 180, "texture": "#0"},
				"east": {"uv": [12, 5, 13.75, 7.25], "rotation": 180, "texture": "#0"},
				"south": {"uv": [12, 5, 13.75, 7.25], "rotation": 180, "texture": "#0"},
				"west": {"uv": [12, 5, 13.75, 7.25], "rotation": 180, "texture": "#0"},
				"up": {"uv": [12, 5, 13.75, 7.25], "rotation": 180, "texture": "#0"},
				"down": {"uv": [12, 5, 13.75, 7.25], "rotation": 180, "texture": "#0"}
			}
		},
		{
			"from": [13.57676, 7.49711, 18.60837],
			"to": [14.45828, 8.41322, 19.25438],
			"rotation": {"angle": -22.5, "axis": "y", "origin": [12.78002, 7.95516, 19.01388]},
			"faces": {
				"north": {"uv": [12, 5, 13.75, 7.25], "rotation": 180, "texture": "#0"},
				"east": {"uv": [12, 5, 13.75, 7.25], "rotation": 180, "texture": "#0"},
				"south": {"uv": [12, 5, 13.75, 7.25], "rotation": 180, "texture": "#0"},
				"west": {"uv": [12, 5, 13.75, 7.25], "rotation": 180, "texture": "#0"},
				"up": {"uv": [12, 5, 13.75, 7.25], "rotation": 180, "texture": "#0"},
				"down": {"uv": [12, 5, 13.75, 7.25], "rotation": 180, "texture": "#0"}
			}
		},
		{
			"from": [6.53242, 6.86743, 13.45807],
			"to": [9.47025, 9.46206, 17.83849],
			"rotation": {"angle": 0, "axis": "y", "origin": [15.21843, 18.48343, 22.25587]},
			"faces": {
				"north": {"uv": [8.5, 14, 11.75, 16], "rotation": 90, "texture": "#0"},
				"east": {"uv": [8.5, 14, 10, 16], "rotation": 90, "texture": "#0"},
				"south": {"uv": [8.5, 14, 11.75, 16], "texture": "#0"},
				"west": {"uv": [10.25, 14, 11.75, 16], "rotation": 90, "texture": "#0"},
				"up": {"uv": [8.5, 14, 11.75, 16], "texture": "#0"},
				"down": {"uv": [8.5, 14, 11.75, 16], "rotation": 90, "texture": "#0"}
			}
		},
		{
			"from": [9.50242, 6.86743, 12.46807],
			"to": [10.46025, 9.46206, 17.83849],
			"rotation": {"angle": 0, "axis": "y", "origin": [16.20843, 18.48343, 22.25587]},
			"faces": {
				"north": {"uv": [8.5, 14, 11.75, 16], "rotation": 90, "texture": "#0"},
				"east": {"uv": [8.5, 14, 10, 16], "rotation": 90, "texture": "#0"},
				"south": {"uv": [8.5, 14, 11.75, 16], "texture": "#0"},
				"west": {"uv": [10.25, 14, 11.75, 16], "rotation": 90, "texture": "#0"},
				"up": {"uv": [8.5, 14, 11.75, 16], "texture": "#0"},
				"down": {"uv": [8.5, 14, 11.75, 16], "rotation": 90, "texture": "#0"}
			}
		},
		{
			"from": [5.54111, 6.86743, 12.46807],
			"to": [6.49894, 9.46206, 17.83849],
			"rotation": {"angle": 0, "axis": "y", "origin": [-0.20707, 18.48343, 22.25587]},
			"faces": {
				"north": {"uv": [8.5, 14, 11.75, 16], "rotation": 90, "texture": "#0"},
				"east": {"uv": [8.5, 14, 10, 16], "rotation": 90, "texture": "#0"},
				"south": {"uv": [8.5, 14, 11.75, 16], "texture": "#0"},
				"west": {"uv": [10.25, 14, 11.75, 16], "rotation": 90, "texture": "#0"},
				"up": {"uv": [8.5, 14, 11.75, 16], "texture": "#0"},
				"down": {"uv": [8.5, 14, 11.75, 16], "rotation": 90, "texture": "#0"}
			}
		},
		{
			"from": [6.69742, 6.86743, 12.63307],
			"to": [8.97525, 9.29706, 13.96099],
			"rotation": {"angle": 0, "axis": "y", "origin": [15.21843, 18.48343, 20.60587]},
			"faces": {
				"north": {"uv": [8.5, 14, 11.75, 16], "rotation": 90, "texture": "#0"},
				"east": {"uv": [8.5, 14, 10, 16], "rotation": 90, "texture": "#0"},
				"south": {"uv": [8.5, 14, 11.75, 16], "texture": "#0"},
				"west": {"uv": [10.25, 14, 11.75, 16], "rotation": 90, "texture": "#0"},
				"up": {"uv": [8.5, 14, 11.75, 16], "texture": "#0"},
				"down": {"uv": [8.5, 14, 11.75, 16], "rotation": 90, "texture": "#0"}
			}
		},
		{
			"from": [4.71611, 5.87743, 12.05557],
			"to": [5.67394, 7.48206, 17.83849],
			"rotation": {"angle": 0, "axis": "y", "origin": [-1.03207, 17.65843, 22.25587]},
			"faces": {
				"north": {"uv": [8.5, 14, 11.75, 16], "rotation": 90, "texture": "#0"},
				"east": {"uv": [8.5, 14, 10, 16], "rotation": 90, "texture": "#0"},
				"south": {"uv": [8.5, 14, 11.75, 16], "texture": "#0"},
				"west": {"uv": [10.25, 14, 11.75, 16], "rotation": 90, "texture": "#0"},
				"up": {"uv": [8.5, 14, 11.75, 16], "rotation": 90, "texture": "#0"},
				"down": {"uv": [8.5, 14, 11.75, 16], "rotation": 90, "texture": "#0"}
			}
		},
		{
			"from": [10.32742, 5.87743, 12.05557],
			"to": [11.28525, 7.48206, 17.83849],
			"rotation": {"angle": 0, "axis": "y", "origin": [17.03343, 17.65843, 22.25587]},
			"faces": {
				"north": {"uv": [8.5, 14, 11.75, 16], "rotation": 90, "texture": "#0"},
				"east": {"uv": [8.5, 14, 10, 16], "rotation": 90, "texture": "#0"},
				"south": {"uv": [8.5, 14, 11.75, 16], "texture": "#0"},
				"west": {"uv": [10.25, 14, 11.75, 16], "rotation": 90, "texture": "#0"},
				"up": {"uv": [8.5, 14, 11.75, 16], "rotation": 90, "texture": "#0"},
				"down": {"uv": [8.5, 14, 11.75, 16], "rotation": 90, "texture": "#0"}
			}
		},
		{
			"from": [4.22111, 6.00118, 13.70557],
			"to": [4.72519, 7.15206, 17.83849],
			"rotation": {"angle": 0, "axis": "y", "origin": [-1.03207, 17.65843, 22.25587]},
			"faces": {
				"north": {"uv": [8.5, 14, 11.75, 16], "rotation": 90, "texture": "#0"},
				"east": {"uv": [8.5, 14, 10, 16], "rotation": 90, "texture": "#0"},
				"south": {"uv": [8.5, 14, 11.75, 16], "texture": "#0"},
				"west": {"uv": [10.25, 14, 11.75, 16], "rotation": 90, "texture": "#0"},
				"up": {"uv": [8.5, 14, 11.75, 16], "rotation": 90, "texture": "#0"},
				"down": {"uv": [8.5, 14, 11.75, 16], "rotation": 90, "texture": "#0"}
			}
		},
		{
			"from": [11.27617, 6.00118, 13.70557],
			"to": [11.78025, 7.15206, 17.83849],
			"rotation": {"angle": 0, "axis": "y", "origin": [17.03343, 17.65843, 22.25587]},
			"faces": {
				"north": {"uv": [8.5, 14, 11.75, 16], "rotation": 90, "texture": "#0"},
				"east": {"uv": [8.5, 14, 10, 16], "rotation": 90, "texture": "#0"},
				"south": {"uv": [8.5, 14, 11.75, 16], "texture": "#0"},
				"west": {"uv": [10.25, 14, 11.75, 16], "rotation": 90, "texture": "#0"},
				"up": {"uv": [8.5, 14, 11.75, 16], "rotation": 90, "texture": "#0"},
				"down": {"uv": [8.5, 14, 11.75, 16], "rotation": 90, "texture": "#0"}
			}
		},
		{
			"from": [4.22111, 6.04243, 14.94307],
			"to": [6.29269, 6.82206, 18.66349],
			"rotation": {"angle": -22.5, "axis": "y", "origin": [4.47315, 6.43225, 15.15328]},
			"faces": {
				"north": {"uv": [8.5, 14, 11.75, 16], "rotation": 90, "texture": "#0"},
				"east": {"uv": [8.5, 14, 10, 16], "rotation": 90, "texture": "#0"},
				"south": {"uv": [8.5, 14, 11.75, 16], "texture": "#0"},
				"west": {"uv": [10.25, 14, 11.75, 16], "rotation": 90, "texture": "#0"},
				"up": {"uv": [8.5, 14, 11.75, 16], "rotation": 90, "texture": "#0"},
				"down": {"uv": [8.5, 14, 11.75, 16], "rotation": 90, "texture": "#0"}
			}
		},
		{
			"from": [9.70867, 6.04243, 14.94307],
			"to": [11.78025, 6.82206, 18.66349],
			"rotation": {"angle": 22.5, "axis": "y", "origin": [11.52821, 6.43225, 15.15328]},
			"faces": {
				"north": {"uv": [8.5, 14, 11.75, 16], "rotation": 90, "texture": "#0"},
				"east": {"uv": [8.5, 14, 10, 16], "rotation": 90, "texture": "#0"},
				"south": {"uv": [8.5, 14, 11.75, 16], "texture": "#0"},
				"west": {"uv": [10.25, 14, 11.75, 16], "rotation": 90, "texture": "#0"},
				"up": {"uv": [8.5, 14, 11.75, 16], "rotation": 90, "texture": "#0"},
				"down": {"uv": [8.5, 14, 11.75, 16], "rotation": 90, "texture": "#0"}
			}
		}
	],
	"display": {
		"head": {
			"translation": [0, -4.75, -22],
			"scale": [4, 4, 4]
		}
	},
	"groups": [
		{
			"name": "root_normal",
			"origin": [8, 8, 8],
			"children": [
				{
					"name": "tail",
					"origin": [8, 8, 8],
					"children": [
						{
							"name": "2",
							"origin": [8, 8, 8],
							"children": [0,
								{
									"name": "group",
									"origin": [8, 8, 8],
									"children": [1, 2, 3, 4, 5, 6, 7, 8, 9,
										{
											"name": "group",
											"origin": [8.0004, 5.42685, 28.74424],
											"children": [10, 11, 12, 13, 14]
										},
										{
											"name": "group",
											"origin": [8.0004, 5.42685, 28.74424],
											"children": [15, 16, 17, 18, 19]
										},
										{
											"name": "group",
											"origin": [7.02738, 4.69805, 30.74237],
											"children": [20, 21, 22, 23, 24, 25, 26, 27]
										},
										{
											"name": "group",
											"origin": [6.42738, 4.69805, 26.49237],
											"children": [28, 29, 30, 31, 32, 33, 34, 35, 36]
										},
										{
											"name": "group",
											"origin": [6.42738, 4.69805, 26.49237],
											"children": [37, 38, 39, 40, 41, 42, 43, 44, 45]
										}
									]
								}, 46, 47, 48, 49, 50, 51, 52, 53, 54, 55]
						}
					]
				}
			]
		}
	]
}